artifact_id,run_id,time,branch,host,phase,keel_ops,redis_ops
11467750191,37587041339,2026-10-07T07:23:38Z,feat/ci-telemetry,EPYC 7763,steady,53711,62475
11467750191,37587041339,2026-10-07T07:23:38Z,feat/ci-telemetry,EPYC 7763,pipelined,387506,524305
11467750191,37587041339,2026-10-07T07:23:38Z,feat/ci-telemetry,EPYC 7763,eviction,32998,37852
11467750191,37587041339,2026-10-07T07:23:38Z,feat/ci-telemetry,EPYC 7763,expiry,53085,59699
11514595218,37691810673,2026-10-07T21:47:02Z,feat/collect-census-telemetry,Xeon 8573C,steady,94381,109597
11514595218,37691810673,2026-10-07T21:47:02Z,feat/collect-census-telemetry,Xeon 8573C,pipelined,480775,689575
11514595218,37691810673,2026-10-07T21:47:02Z,feat/collect-census-telemetry,Xeon 8573C,eviction,50620,69300
11514595218,37691810673,2026-10-07T21:47:02Z,feat/collect-census-telemetry,Xeon 8573C,expiry,93966,100264
11515088439,37694804393,2026-10-07T22:13:43Z,fix/telemetry-load-target-label,Xeon 6973P-C,steady,139938,154136
11515088439,37694804393,2026-10-07T22:13:43Z,fix/telemetry-load-target-label,Xeon 6973P-C,pipelined,789192,1047871
11515088439,37694804393,2026-10-07T22:13:43Z,fix/telemetry-load-target-label,Xeon 6973P-C,eviction,70491,95272
11515088439,37694804393,2026-10-07T22:13:43Z,fix/telemetry-load-target-label,Xeon 6973P-C,expiry,134842,143033
11530096311,37731056640,2026-10-08T05:10:35Z,develop,EPYC 7763,steady,53713,62884
11530096311,37731056640,2026-10-08T05:10:35Z,develop,EPYC 7763,pipelined,392862,529252
11530096311,37731056640,2026-10-08T05:10:35Z,develop,EPYC 7763,eviction,33168,38664
11530096311,37731056640,2026-10-08T05:10:35Z,develop,EPYC 7763,expiry,53118,59301
11534846386,37740979877,2026-10-08T07:02:03Z,develop,EPYC 7763,steady,52988,62893
11534846386,37740979877,2026-10-08T07:02:03Z,develop,EPYC 7763,pipelined,385103,525233
11534846386,37740979877,2026-10-08T07:02:03Z,develop,EPYC 7763,eviction,32942,38001
11534846386,37740979877,2026-10-08T07:02:03Z,develop,EPYC 7763,expiry,52718,58046
11550280252,37775303439,2026-10-08T12:13:01Z,develop,EPYC 7763,steady,54011,64298
11550280252,37775303439,2026-10-08T12:13:01Z,develop,EPYC 7763,pipelined,407599,524626
11550280252,37775303439,2026-10-08T12:13:01Z,develop,EPYC 7763,eviction,33009,37982
11550280252,37775303439,2026-10-08T12:13:01Z,develop,EPYC 7763,expiry,54051,59543
11598606200,37889737632,2026-10-09T05:40:55Z,feat/info-keyspace-hits,EPYC 7763,steady,53618,63192
11598606200,37889737632,2026-10-09T05:40:55Z,feat/info-keyspace-hits,EPYC 7763,pipelined,390568,528048
11598606200,37889737632,2026-10-09T05:40:55Z,feat/info-keyspace-hits,EPYC 7763,eviction,33112,37948
11598606200,37889737632,2026-10-09T05:40:55Z,feat/info-keyspace-hits,EPYC 7763,expiry,53098,59187
