artifact_id,run_id,time,event,branch,pr,conclusion,host,keel_metric_names,redis_metric_names,shared_metric_names,url
11467140935,37586620999,2026-10-07T07:19:30Z,pull_request,feat/ci-telemetry,134,failure,EPYC 9V74,,,,https://github.com/brandopakel/keel/actions/runs/37586620999
11467750191,37587041339,2026-10-07T07:23:38Z,pull_request,feat/ci-telemetry,134,success,EPYC 7763,21,188,17,https://github.com/brandopakel/keel/actions/runs/37587041339
11514595218,37691810673,2026-10-07T21:47:02Z,pull_request,feat/collect-census-telemetry,141,success,Xeon 8573C,21,188,17,https://github.com/brandopakel/keel/actions/runs/37691810673
11515088439,37694804393,2026-10-07T22:13:43Z,pull_request,fix/telemetry-load-target-label,146,success,Xeon 6973P-C,21,188,17,https://github.com/brandopakel/keel/actions/runs/37694804393
11530096311,37731056640,2026-10-08T05:10:35Z,workflow_dispatch,develop,140,success,EPYC 7763,61,188,57,https://github.com/brandopakel/keel/actions/runs/37731056640
11534846386,37740979877,2026-10-08T07:02:03Z,workflow_dispatch,develop,156,success,EPYC 7763,64,188,60,https://github.com/brandopakel/keel/actions/runs/37740979877
11550280252,37775303439,2026-10-08T12:13:01Z,schedule,develop,156,success,EPYC 7763,64,188,60,https://github.com/brandopakel/keel/actions/runs/37775303439
11598606200,37889737632,2026-10-09T05:40:55Z,workflow_dispatch,feat/info-keyspace-hits,160,success,EPYC 7763,69,188,65,https://github.com/brandopakel/keel/actions/runs/37889737632
11614881863,37927692611,2026-10-09T12:04:37Z,schedule,develop,137,success,EPYC 7763,64,188,60,https://github.com/brandopakel/keel/actions/runs/37927692611
