server,suite,command,conns,pipeline,datasize,rep,rps,p50_ms
redis,conc,PING,1,1,3,1,23041.47,0.039
redis,conc,PING,1,1,3,2,23663.04,0.039
redis,conc,PING,1,1,3,3,22634.68,0.039
redis,conc,PING,1,1,3,4,23277.47,0.039
redis,conc,PING,1,1,3,5,23496.24,0.039
redis,conc,PING,10,1,3,1,68306.01,0.087
redis,conc,PING,10,1,3,2,68119.89,0.087
redis,conc,PING,10,1,3,3,68399.45,0.087
redis,conc,PING,10,1,3,4,67934.78,0.087
redis,conc,PING,10,1,3,5,67842.61,0.087
redis,conc,PING,50,1,3,1,68027.21,0.375
redis,conc,PING,50,1,3,2,63532.40,0.383
redis,conc,PING,50,1,3,3,67750.68,0.375
redis,conc,PING,50,1,3,4,65189.05,0.383
redis,conc,PING,50,1,3,5,64432.99,0.383
redis,conc,PING,200,1,3,1,63938.62,1.535
redis,conc,PING,200,1,3,2,66755.67,1.503
redis,conc,PING,200,1,3,3,67204.30,1.503
redis,conc,PING,200,1,3,4,63938.62,1.567
redis,conc,PING,200,1,3,5,66137.57,1.519
redis,conc,PING,1000,1,3,1,64766.84,7.695
redis,conc,PING,1000,1,3,2,63775.51,7.871
redis,conc,PING,1000,1,3,3,60459.49,8.183
redis,conc,PING,1000,1,3,4,63694.27,7.847
redis,conc,PING,1000,1,3,5,65616.80,7.663
redis,pipe,PING,50,1,3,1,66401.06,0.383
redis,pipe,PING,50,1,3,2,67590.40,0.375
redis,pipe,PING,50,1,3,3,66844.91,0.375
redis,pipe,PING,50,1,3,4,68004.08,0.375
redis,pipe,PING,50,1,3,5,66577.90,0.383
redis,pipe,PING,50,8,3,1,533333.31,0.383
redis,pipe,PING,50,8,3,2,511508.94,0.391
redis,pipe,PING,50,8,3,3,510204.09,0.391
redis,pipe,PING,50,8,3,4,522193.22,0.391
redis,pipe,PING,50,8,3,5,531914.94,0.383
redis,pipe,PING,50,16,3,1,1041666.69,0.391
redis,pipe,PING,50,16,3,2,1041666.69,0.391
redis,pipe,PING,50,16,3,3,1020408.19,0.399
redis,pipe,PING,50,16,3,4,1041666.69,0.391
redis,pipe,PING,50,16,3,5,943396.25,0.415
redis,pipe,PING,50,64,3,1,2857142.75,0.927
redis,pipe,PING,50,64,3,2,2857142.75,0.919
redis,pipe,PING,50,64,3,3,2857142.75,0.919
redis,pipe,PING,50,64,3,4,2777778.00,0.935
redis,pipe,PING,50,64,3,5,2857142.75,0.919
redis,size,SET,50,1,8,1,66964.28,0.383
redis,size,SET,50,1,8,2,65502.18,0.383
redis,size,SET,50,1,8,3,67720.09,0.383
redis,size,SET,50,1,8,4,64516.13,0.383
redis,size,SET,50,1,8,5,67720.09,0.383
redis,size,SET,50,1,32,1,66964.28,0.383
redis,size,SET,50,1,32,2,67873.30,0.383
redis,size,SET,50,1,32,3,65359.48,0.383
redis,size,SET,50,1,32,4,65217.39,0.383
redis,size,SET,50,1,32,5,63694.27,0.391
redis,size,SET,50,1,128,1,67264.57,0.375
redis,size,SET,50,1,128,2,61728.39,0.391
redis,size,SET,50,1,128,3,66666.67,0.383
redis,size,SET,50,1,128,4,67567.57,0.383
redis,size,SET,50,1,128,5,65645.52,0.383
redis,size,SET,50,1,512,1,64516.13,0.383
redis,size,SET,50,1,512,2,67415.73,0.383
redis,size,SET,50,1,512,3,66666.67,0.383
redis,size,SET,50,1,512,4,67567.57,0.383
redis,size,SET,50,1,512,5,66964.28,0.383
redis,size,SET,50,1,2048,1,65789.48,0.391
redis,size,SET,50,1,2048,2,65645.52,0.391
redis,size,SET,50,1,2048,3,63291.14,0.391
redis,size,SET,50,1,2048,4,63157.89,0.399
redis,size,SET,50,1,2048,5,65359.48,0.391
redis,size,SET,50,1,8192,1,59171.59,0.439
redis,size,SET,50,1,8192,2,58252.43,0.439
redis,size,SET,50,1,8192,3,58479.53,0.439
redis,size,SET,50,1,8192,4,62761.51,0.399
redis,size,SET,50,1,8192,5,61983.47,0.407
redis,size,SET,50,1,32768,1,41095.89,0.623
redis,size,SET,50,1,32768,2,42492.92,0.599
redis,size,SET,50,1,32768,3,44313.15,0.575
redis,size,SET,50,1,32768,4,44910.18,0.575
redis,size,SET,50,1,32768,5,44378.70,0.583
redis,cmd,PING,50,1,3,1,67204.30,0.383
redis,cmd,PING,50,1,3,2,67842.61,0.383
redis,cmd,PING,50,1,3,3,65703.02,0.383
redis,cmd,PING,50,1,3,4,67750.68,0.383
redis,cmd,PING,50,1,3,5,67024.13,0.383
redis,cmd,SET,50,1,32,1,65189.05,0.383
redis,cmd,SET,50,1,32,2,65616.80,0.383
redis,cmd,SET,50,1,32,3,67659.00,0.375
redis,cmd,SET,50,1,32,4,67385.45,0.383
redis,cmd,SET,50,1,32,5,67476.38,0.383
redis,cmd,GET,50,1,32,1,65963.06,0.383
redis,cmd,GET,50,1,32,2,67659.00,0.383
redis,cmd,GET,50,1,32,3,67842.61,0.383
redis,cmd,GET,50,1,32,4,67567.57,0.383
redis,cmd,GET,50,1,32,5,66050.20,0.383
redis,cmd,INCR,50,1,3,1,60901.34,0.391
redis,cmd,INCR,50,1,3,2,67842.61,0.383
redis,cmd,INCR,50,1,3,3,65703.02,0.383
redis,cmd,INCR,50,1,3,4,67567.57,0.375
redis,cmd,INCR,50,1,3,5,67934.78,0.375
redis,cmd,SADD,50,1,3,1,67842.61,0.383
redis,cmd,SADD,50,1,3,2,68212.83,0.375
redis,cmd,SADD,50,1,3,3,66401.06,0.383
redis,cmd,SADD,50,1,3,4,67385.45,0.383
redis,cmd,SADD,50,1,3,5,66666.66,0.383
redis,cmd,ZADD,50,1,3,1,68212.83,0.375
redis,cmd,ZADD,50,1,3,2,68306.01,0.375
redis,cmd,ZADD,50,1,3,3,67934.78,0.375
redis,cmd,ZADD,50,1,3,4,68493.15,0.375
redis,cmd,ZADD,50,1,3,5,65189.05,0.383
redis,cmd,GEOADD,50,1,3,1,68681.32,0.375
redis,cmd,GEOADD,50,1,3,2,68212.83,0.375
redis,cmd,GEOADD,50,1,3,3,68212.83,0.375
redis,cmd,GEOADD,50,1,3,4,66401.06,0.375
redis,cmd,GEOADD,50,1,3,5,67114.09,0.375
kqueue,conc,PING,1,1,3,1,22706.63,0.039
kqueue,conc,PING,1,1,3,2,22532.67,0.039
kqueue,conc,PING,1,1,3,3,22716.95,0.039
kqueue,conc,PING,1,1,3,4,22512.38,0.039
kqueue,conc,PING,1,1,3,5,22522.52,0.039
kqueue,conc,PING,10,1,3,1,64683.05,0.087
kqueue,conc,PING,10,1,3,2,65963.06,0.087
kqueue,conc,PING,10,1,3,3,66401.06,0.087
kqueue,conc,PING,10,1,3,4,63775.51,0.087
kqueue,conc,PING,10,1,3,5,63131.31,0.087
kqueue,conc,PING,50,1,3,1,65876.16,0.383
kqueue,conc,PING,50,1,3,2,66844.91,0.383
kqueue,conc,PING,50,1,3,3,65019.51,0.391
kqueue,conc,PING,50,1,3,4,63938.62,0.383
kqueue,conc,PING,50,1,3,5,65445.03,0.383
kqueue,conc,PING,200,1,3,1,64184.86,1.559
kqueue,conc,PING,200,1,3,2,66313.00,1.511
kqueue,conc,PING,200,1,3,3,65963.06,1.519
kqueue,conc,PING,200,1,3,4,66225.16,1.519
kqueue,conc,PING,200,1,3,5,61881.19,1.591
kqueue,conc,PING,1000,1,3,1,63131.31,7.791
kqueue,conc,PING,1000,1,3,2,64766.84,7.631
kqueue,conc,PING,1000,1,3,3,61957.87,7.903
kqueue,conc,PING,1000,1,3,4,62814.07,7.863
kqueue,conc,PING,1000,1,3,5,60753.34,8.103
kqueue,pipe,PING,50,1,3,1,66622.25,0.383
kqueue,pipe,PING,50,1,3,2,66028.39,0.383
kqueue,pipe,PING,50,1,3,3,65789.48,0.383
kqueue,pipe,PING,50,1,3,4,66159.45,0.383
kqueue,pipe,PING,50,1,3,5,64020.48,0.383
kqueue,pipe,PING,50,8,3,1,9764.67,0.143
kqueue,pipe,PING,50,8,3,2,9765.15,0.175
kqueue,pipe,PING,50,8,3,3,9762.76,0.151
kqueue,pipe,PING,50,8,3,4,9762.29,0.175
kqueue,pipe,PING,50,8,3,5,9763.72,0.183
kqueue,pipe,PING,50,16,3,1,19550.34,0.183
kqueue,pipe,PING,50,16,3,2,19536.97,0.255
kqueue,pipe,PING,50,16,3,3,19546.52,0.167
kqueue,pipe,PING,50,16,3,4,19542.70,0.207
kqueue,pipe,PING,50,16,3,5,19540.79,0.183
kqueue,pipe,PING,50,64,3,1,78033.55,0.311
kqueue,pipe,PING,50,64,3,2,77942.32,0.319
kqueue,pipe,PING,50,64,3,3,77911.96,0.335
kqueue,pipe,PING,50,64,3,4,78033.55,0.295
kqueue,pipe,PING,50,64,3,5,78064.01,0.303
kqueue,size,SET,50,1,8,1,64516.13,0.391
kqueue,size,SET,50,1,8,2,67567.57,0.383
kqueue,size,SET,50,1,8,3,65075.92,0.383
kqueue,size,SET,50,1,8,4,67415.73,0.383
kqueue,size,SET,50,1,8,5,66666.67,0.383
kqueue,size,SET,50,1,32,1,67114.09,0.383
kqueue,size,SET,50,1,32,2,65359.48,0.383
kqueue,size,SET,50,1,32,3,63157.89,0.391
kqueue,size,SET,50,1,32,4,65934.06,0.383
kqueue,size,SET,50,1,32,5,57142.86,0.479
kqueue,size,SET,50,1,128,1,58479.53,0.463
kqueue,size,SET,50,1,128,2,65502.18,0.383
kqueue,size,SET,50,1,128,3,65217.39,0.383
kqueue,size,SET,50,1,128,4,62893.08,0.391
kqueue,size,SET,50,1,128,5,64516.13,0.391
kqueue,size,SET,50,1,512,1,65502.18,0.383
kqueue,size,SET,50,1,512,2,64102.57,0.391
kqueue,size,SET,50,1,512,3,65645.52,0.383
kqueue,size,SET,50,1,512,4,66079.30,0.383
kqueue,size,SET,50,1,512,5,65789.48,0.383
kqueue,size,SET,50,1,2048,1,58252.43,0.471
kqueue,size,SET,50,1,2048,2,60120.24,0.423
kqueue,size,SET,50,1,2048,3,60120.24,0.431
kqueue,size,SET,50,1,2048,4,60851.93,0.423
kqueue,size,SET,50,1,2048,5,61224.49,0.407
kqueue,size,SET,50,1,8192,1,35799.52,1.335
kqueue,size,SET,50,1,8192,2,35799.52,1.327
kqueue,size,SET,50,1,8192,3,35252.64,1.359
kqueue,size,SET,50,1,8192,4,35799.52,1.335
kqueue,size,SET,50,1,8192,5,34207.53,1.399
kqueue,size,SET,50,1,32768,1,7583.42,6.359
kqueue,size,SET,50,1,32768,2,7543.37,6.335
kqueue,size,SET,50,1,32768,3,7651.11,6.295
kqueue,size,SET,50,1,32768,4,7718.03,6.263
kqueue,size,SET,50,1,32768,5,7635.53,6.287
kqueue,cmd,PING,50,1,3,1,62578.22,0.391
kqueue,cmd,PING,50,1,3,2,63613.23,0.391
kqueue,cmd,PING,50,1,3,3,62500.00,0.391
kqueue,cmd,PING,50,1,3,4,65189.05,0.383
kqueue,cmd,PING,50,1,3,5,65616.80,0.383
kqueue,cmd,SET,50,1,32,1,62344.14,0.391
kqueue,cmd,SET,50,1,32,2,65274.15,0.383
kqueue,cmd,SET,50,1,32,3,65789.48,0.383
kqueue,cmd,SET,50,1,32,4,66755.67,0.383
kqueue,cmd,SET,50,1,32,5,64350.06,0.391
kqueue,cmd,GET,50,1,32,1,65104.17,0.383
kqueue,cmd,GET,50,1,32,2,63613.23,0.391
kqueue,cmd,GET,50,1,32,3,66934.41,0.375
kqueue,cmd,GET,50,1,32,4,64850.84,0.383
kqueue,cmd,GET,50,1,32,5,63051.70,0.391
kqueue,cmd,INCR,50,1,3,1,66489.37,0.383
kqueue,cmd,INCR,50,1,3,2,67385.45,0.375
kqueue,cmd,INCR,50,1,3,3,63211.12,0.391
kqueue,cmd,INCR,50,1,3,4,64432.99,0.383
kqueue,cmd,INCR,50,1,3,5,62111.80,0.391
kqueue,cmd,SADD,50,1,3,1,65616.80,0.383
kqueue,cmd,SADD,50,1,3,2,62972.29,0.391
kqueue,cmd,SADD,50,1,3,3,63938.62,0.383
kqueue,cmd,SADD,50,1,3,4,66489.37,0.383
kqueue,cmd,SADD,50,1,3,5,66666.66,0.383
kqueue,cmd,ZADD,50,1,3,1,66137.57,0.383
kqueue,cmd,ZADD,50,1,3,2,65359.48,0.383
kqueue,cmd,ZADD,50,1,3,3,64350.06,0.383
kqueue,cmd,ZADD,50,1,3,4,66137.57,0.383
kqueue,cmd,ZADD,50,1,3,5,63938.62,0.391
kqueue,cmd,GEOADD,50,1,3,1,65274.15,0.383
kqueue,cmd,GEOADD,50,1,3,2,64599.48,0.383
kqueue,cmd,GEOADD,50,1,3,3,64935.07,0.383
kqueue,cmd,GEOADD,50,1,3,4,66844.91,0.383
kqueue,cmd,GEOADD,50,1,3,5,63613.23,0.383
kqueue-wbuf,conc,PING,1,1,3,1,22371.37,0.039
kqueue-wbuf,conc,PING,1,1,3,2,23320.89,0.039
kqueue-wbuf,conc,PING,1,1,3,3,22133.69,0.039
kqueue-wbuf,conc,PING,1,1,3,4,22779.04,0.039
kqueue-wbuf,conc,PING,1,1,3,5,22421.53,0.039
kqueue-wbuf,conc,PING,10,1,3,1,64599.48,0.087
kqueue-wbuf,conc,PING,10,1,3,2,67567.57,0.087
kqueue-wbuf,conc,PING,10,1,3,3,67024.13,0.087
kqueue-wbuf,conc,PING,10,1,3,4,65530.80,0.087
kqueue-wbuf,conc,PING,10,1,3,5,65789.48,0.087
kqueue-wbuf,conc,PING,50,1,3,1,65530.80,0.383
kqueue-wbuf,conc,PING,50,1,3,2,71123.76,0.351
kqueue-wbuf,conc,PING,50,1,3,3,66050.20,0.383
kqueue-wbuf,conc,PING,50,1,3,4,66844.91,0.383
kqueue-wbuf,conc,PING,50,1,3,5,67114.09,0.367
kqueue-wbuf,conc,PING,200,1,3,1,64267.35,1.535
kqueue-wbuf,conc,PING,200,1,3,2,65019.51,1.527
kqueue-wbuf,conc,PING,200,1,3,3,64102.57,1.543
kqueue-wbuf,conc,PING,200,1,3,4,63371.36,1.543
kqueue-wbuf,conc,PING,200,1,3,5,64935.07,1.543
kqueue-wbuf,conc,PING,1000,1,3,1,64020.48,7.703
kqueue-wbuf,conc,PING,1000,1,3,2,63532.40,7.671
kqueue-wbuf,conc,PING,1000,1,3,3,64020.48,7.719
kqueue-wbuf,conc,PING,1000,1,3,4,63532.40,7.743
kqueue-wbuf,conc,PING,1000,1,3,5,64350.06,7.679
kqueue-wbuf,pipe,PING,50,1,3,1,65040.65,0.383
kqueue-wbuf,pipe,PING,50,1,3,2,66313.00,0.383
kqueue-wbuf,pipe,PING,50,1,3,3,64123.12,0.383
kqueue-wbuf,pipe,PING,50,1,3,4,66115.70,0.383
kqueue-wbuf,pipe,PING,50,1,3,5,66006.60,0.383
kqueue-wbuf,pipe,PING,50,8,3,1,527704.50,0.383
kqueue-wbuf,pipe,PING,50,8,3,2,514138.81,0.391
kqueue-wbuf,pipe,PING,50,8,3,3,520833.34,0.391
kqueue-wbuf,pipe,PING,50,8,3,4,523560.22,0.383
kqueue-wbuf,pipe,PING,50,8,3,5,523560.22,0.391
kqueue-wbuf,pipe,PING,50,16,3,1,1005025.12,0.519
kqueue-wbuf,pipe,PING,50,16,3,2,980392.19,0.511
kqueue-wbuf,pipe,PING,50,16,3,3,947867.31,0.727
kqueue-wbuf,pipe,PING,50,16,3,4,1041666.69,0.415
kqueue-wbuf,pipe,PING,50,16,3,5,1015228.44,0.423
kqueue-wbuf,pipe,PING,50,64,3,1,1639344.25,1.615
kqueue-wbuf,pipe,PING,50,64,3,2,1562499.88,1.687
kqueue-wbuf,pipe,PING,50,64,3,3,1834862.38,1.591
kqueue-wbuf,pipe,PING,50,64,3,4,1739130.38,1.559
kqueue-wbuf,pipe,PING,50,64,3,5,1709401.75,1.623
kqueue-wbuf,size,SET,50,1,8,1,65645.52,0.383
kqueue-wbuf,size,SET,50,1,8,2,60606.06,0.399
kqueue-wbuf,size,SET,50,1,8,3,67114.09,0.383
kqueue-wbuf,size,SET,50,1,8,4,66371.68,0.383
kqueue-wbuf,size,SET,50,1,8,5,65934.06,0.383
kqueue-wbuf,size,SET,50,1,32,1,61855.67,0.399
kqueue-wbuf,size,SET,50,1,32,2,60000.00,0.407
kqueue-wbuf,size,SET,50,1,32,3,63025.21,0.391
kqueue-wbuf,size,SET,50,1,32,4,65359.48,0.383
kqueue-wbuf,size,SET,50,1,32,5,61099.80,0.399
kqueue-wbuf,size,SET,50,1,128,1,67873.30,0.375
kqueue-wbuf,size,SET,50,1,128,2,65934.06,0.383
kqueue-wbuf,size,SET,50,1,128,3,67264.57,0.383
kqueue-wbuf,size,SET,50,1,128,4,64935.06,0.383
kqueue-wbuf,size,SET,50,1,128,5,64794.82,0.383
kqueue-wbuf,size,SET,50,1,512,1,63559.32,0.391
kqueue-wbuf,size,SET,50,1,512,2,65934.06,0.383
kqueue-wbuf,size,SET,50,1,512,3,65502.18,0.383
kqueue-wbuf,size,SET,50,1,512,4,64516.13,0.383
kqueue-wbuf,size,SET,50,1,512,5,62761.51,0.391
kqueue-wbuf,size,SET,50,1,2048,1,60000.00,0.431
kqueue-wbuf,size,SET,50,1,2048,2,60240.96,0.423
kqueue-wbuf,size,SET,50,1,2048,3,59405.94,0.455
kqueue-wbuf,size,SET,50,1,2048,4,60240.96,0.423
kqueue-wbuf,size,SET,50,1,2048,5,59523.81,0.431
kqueue-wbuf,size,SET,50,1,8192,1,35502.96,1.327
kqueue-wbuf,size,SET,50,1,8192,2,33821.87,1.407
kqueue-wbuf,size,SET,50,1,8192,3,35799.52,1.343
kqueue-wbuf,size,SET,50,1,8192,4,34762.46,1.359
kqueue-wbuf,size,SET,50,1,8192,5,35629.45,1.343
kqueue-wbuf,size,SET,50,1,32768,1,7651.11,6.327
kqueue-wbuf,size,SET,50,1,32768,2,7457.12,6.487
kqueue-wbuf,size,SET,50,1,32768,3,7616.15,6.327
kqueue-wbuf,size,SET,50,1,32768,4,7464.54,6.487
kqueue-wbuf,size,SET,50,1,32768,5,6743.09,7.463
kqueue-wbuf,cmd,PING,50,1,3,1,66577.90,0.383
kqueue-wbuf,cmd,PING,50,1,3,2,67659.00,0.383
kqueue-wbuf,cmd,PING,50,1,3,3,63371.36,0.391
kqueue-wbuf,cmd,PING,50,1,3,4,67567.57,0.375
kqueue-wbuf,cmd,PING,50,1,3,5,64599.48,0.383
kqueue-wbuf,cmd,SET,50,1,32,1,66934.41,0.375
kqueue-wbuf,cmd,SET,50,1,32,2,63613.23,0.391
kqueue-wbuf,cmd,SET,50,1,32,3,66225.16,0.383
kqueue-wbuf,cmd,SET,50,1,32,4,64102.57,0.383
kqueue-wbuf,cmd,SET,50,1,32,5,65445.03,0.383
kqueue-wbuf,cmd,GET,50,1,32,1,66225.16,0.383
kqueue-wbuf,cmd,GET,50,1,32,2,65703.02,0.383
kqueue-wbuf,cmd,GET,50,1,32,3,67294.75,0.383
kqueue-wbuf,cmd,GET,50,1,32,4,65530.80,0.383
kqueue-wbuf,cmd,GET,50,1,32,5,60024.01,0.407
kqueue-wbuf,cmd,INCR,50,1,3,1,65530.80,0.383
kqueue-wbuf,cmd,INCR,50,1,3,2,65445.03,0.383
kqueue-wbuf,cmd,INCR,50,1,3,3,60827.25,0.399
kqueue-wbuf,cmd,INCR,50,1,3,4,64020.48,0.383
kqueue-wbuf,cmd,INCR,50,1,3,5,63371.36,0.391
kqueue-wbuf,cmd,SADD,50,1,3,1,66137.57,0.383
kqueue-wbuf,cmd,SADD,50,1,3,2,64432.99,0.383
kqueue-wbuf,cmd,SADD,50,1,3,3,65789.48,0.383
kqueue-wbuf,cmd,SADD,50,1,3,4,66844.91,0.383
kqueue-wbuf,cmd,SADD,50,1,3,5,63371.36,0.391
kqueue-wbuf,cmd,ZADD,50,1,3,1,65189.05,0.383
kqueue-wbuf,cmd,ZADD,50,1,3,2,62656.64,0.391
kqueue-wbuf,cmd,ZADD,50,1,3,3,63856.96,0.383
kqueue-wbuf,cmd,ZADD,50,1,3,4,66666.66,0.383
kqueue-wbuf,cmd,ZADD,50,1,3,5,66137.57,0.383
kqueue-wbuf,cmd,GEOADD,50,1,3,1,66225.16,0.375
kqueue-wbuf,cmd,GEOADD,50,1,3,2,65189.05,0.375
kqueue-wbuf,cmd,GEOADD,50,1,3,3,65876.16,0.375
kqueue-wbuf,cmd,GEOADD,50,1,3,4,64599.48,0.383
kqueue-wbuf,cmd,GEOADD,50,1,3,5,68212.83,0.375
net,conc,PING,1,1,3,1,20903.01,0.047
net,conc,PING,1,1,3,2,21276.60,0.047
net,conc,PING,1,1,3,3,20712.51,0.047
net,conc,PING,1,1,3,4,21150.59,0.047
net,conc,PING,1,1,3,5,21570.32,0.039
net,conc,PING,10,1,3,1,56625.14,0.103
net,conc,PING,10,1,3,2,56689.34,0.103
net,conc,PING,10,1,3,3,56433.41,0.103
net,conc,PING,10,1,3,4,56306.30,0.103
net,conc,PING,10,1,3,5,56689.34,0.103
net,conc,PING,50,1,3,1,56497.18,0.471
net,conc,PING,50,1,3,2,57077.62,0.463
net,conc,PING,50,1,3,3,57077.62,0.463
net,conc,PING,50,1,3,4,56116.72,0.471
net,conc,PING,50,1,3,5,56947.61,0.463
net,conc,PING,200,1,3,1,56053.81,1.807
net,conc,PING,200,1,3,2,55679.29,1.839
net,conc,PING,200,1,3,3,55928.41,1.815
net,conc,PING,200,1,3,4,56433.41,1.799
net,conc,PING,200,1,3,5,55803.57,1.855
net,conc,PING,1000,1,3,1,54945.05,9.079
net,conc,PING,1000,1,3,2,54644.81,9.151
net,conc,PING,1000,1,3,3,54112.55,9.295
net,conc,PING,1000,1,3,4,54585.15,9.119
net,conc,PING,1000,1,3,5,53763.44,9.311
net,pipe,PING,50,1,3,1,56802.05,0.463
net,pipe,PING,50,1,3,2,56465.27,0.471
net,pipe,PING,50,1,3,3,56818.18,0.463
net,pipe,PING,50,1,3,4,56625.14,0.471
net,pipe,PING,50,1,3,5,57077.62,0.463
net,pipe,PING,50,8,3,1,436681.22,0.479
net,pipe,PING,50,8,3,2,434782.59,0.479
net,pipe,PING,50,8,3,3,429184.56,0.487
net,pipe,PING,50,8,3,4,432900.41,0.479
net,pipe,PING,50,8,3,5,434782.59,0.479
net,pipe,PING,50,16,3,1,823045.25,0.511
net,pipe,PING,50,16,3,2,829875.50,0.511
net,pipe,PING,50,16,3,3,819672.12,0.511
net,pipe,PING,50,16,3,4,823045.25,0.503
net,pipe,PING,50,16,3,5,826446.31,0.503
net,pipe,PING,50,64,3,1,1769911.50,1.543
net,pipe,PING,50,64,3,2,1739130.38,1.599
net,pipe,PING,50,64,3,3,1739130.38,1.615
net,pipe,PING,50,64,3,4,1785714.25,1.551
net,pipe,PING,50,64,3,5,1785714.25,1.551
net,size,SET,50,1,8,1,56603.78,0.463
net,size,SET,50,1,8,2,56603.78,0.463
net,size,SET,50,1,8,3,57034.22,0.463
net,size,SET,50,1,8,4,57034.22,0.463
net,size,SET,50,1,8,5,56074.76,0.463
net,size,SET,50,1,32,1,56926.00,0.463
net,size,SET,50,1,32,2,56818.18,0.463
net,size,SET,50,1,32,3,56603.78,0.463
net,size,SET,50,1,32,4,57142.86,0.455
net,size,SET,50,1,32,5,56926.00,0.463
net,size,SET,50,1,128,1,56390.98,0.463
net,size,SET,50,1,128,2,56818.18,0.463
net,size,SET,50,1,128,3,56926.00,0.455
net,size,SET,50,1,128,4,56603.78,0.463
net,size,SET,50,1,128,5,56497.17,0.463
net,size,SET,50,1,512,1,56390.98,0.463
net,size,SET,50,1,512,2,56074.76,0.463
net,size,SET,50,1,512,3,55865.92,0.471
net,size,SET,50,1,512,4,55970.15,0.463
net,size,SET,50,1,512,5,55970.15,0.463
net,size,SET,50,1,2048,1,54151.62,0.487
net,size,SET,50,1,2048,2,54347.83,0.479
net,size,SET,50,1,2048,3,53956.84,0.487
net,size,SET,50,1,2048,4,53956.84,0.487
net,size,SET,50,1,2048,5,53667.26,0.487
net,size,SET,50,1,8192,1,37220.84,1.039
net,size,SET,50,1,8192,2,36900.37,1.071
net,size,SET,50,1,8192,3,36630.04,1.055
net,size,SET,50,1,8192,4,37174.72,1.039
net,size,SET,50,1,8192,5,37359.90,1.007
net,size,SET,50,1,32768,1,14556.04,3.215
net,size,SET,50,1,32768,2,14499.76,3.191
net,size,SET,50,1,32768,3,14395.39,3.247
net,size,SET,50,1,32768,4,14619.88,3.183
net,size,SET,50,1,32768,5,14598.54,3.183
net,cmd,PING,50,1,3,1,57012.54,0.463
net,cmd,PING,50,1,3,2,57339.45,0.455
net,cmd,PING,50,1,3,3,56818.18,0.463
net,cmd,PING,50,1,3,4,56242.97,0.471
net,cmd,PING,50,1,3,5,56818.18,0.463
net,cmd,SET,50,1,32,1,56433.41,0.463
net,cmd,SET,50,1,32,2,57870.37,0.455
net,cmd,SET,50,1,32,3,56947.61,0.463
net,cmd,SET,50,1,32,4,57012.54,0.463
net,cmd,SET,50,1,32,5,57208.24,0.463
net,cmd,GET,50,1,32,1,57208.24,0.455
net,cmd,GET,50,1,32,2,56689.34,0.463
net,cmd,GET,50,1,32,3,56369.79,0.471
net,cmd,GET,50,1,32,4,56561.09,0.463
net,cmd,GET,50,1,32,5,57077.62,0.455
net,cmd,INCR,50,1,3,1,56497.18,0.463
net,cmd,INCR,50,1,3,2,55991.04,0.471
net,cmd,INCR,50,1,3,3,56433.41,0.463
net,cmd,INCR,50,1,3,4,56497.18,0.463
net,cmd,INCR,50,1,3,5,56369.79,0.471
net,cmd,SADD,50,1,3,1,56561.09,0.463
net,cmd,SADD,50,1,3,2,56818.18,0.463
net,cmd,SADD,50,1,3,3,56818.18,0.463
net,cmd,SADD,50,1,3,4,57142.86,0.463
net,cmd,SADD,50,1,3,5,56561.09,0.463
net,cmd,ZADD,50,1,3,1,56689.34,0.463
net,cmd,ZADD,50,1,3,2,56689.34,0.463
net,cmd,ZADD,50,1,3,3,56433.41,0.471
net,cmd,ZADD,50,1,3,4,56689.34,0.463
net,cmd,ZADD,50,1,3,5,56369.79,0.463
net,cmd,GEOADD,50,1,3,1,56497.18,0.463
net,cmd,GEOADD,50,1,3,2,56497.18,0.463
net,cmd,GEOADD,50,1,3,3,56625.14,0.463
net,cmd,GEOADD,50,1,3,4,56689.34,0.463
net,cmd,GEOADD,50,1,3,5,56497.18,0.471
