artifact_id,run_id,time,event,branch,pr,conclusion,baseline,candidate,host,cpu_model,suites,status,url
10008956880,34095159507,2026-09-07T07:22:34Z,workflow_dispatch,fix/engineering-review-closeout,27,success,40fb7e505176054b18098d70e5f7d8e79264a4a9,7d863b0012c9e74b8d0e91c87dc3192495efb251,EPYC 9V74,AMD EPYC 9V74 80-Core Processor,memory standard,passed,https://github.com/brandopakel/keel/actions/runs/34095159507
10009566970,34096759453,2026-09-07T07:42:08Z,workflow_dispatch,fix/engineering-review-closeout,27,success,db4fd00d85b0c46c1ac6bce25eafed8026122cde,cd2b740f68feded1ba23e2fd9ed9c7ceba5942ec,EPYC 9V74,AMD EPYC 9V74 80-Core Processor,memory standard,passed,https://github.com/brandopakel/keel/actions/runs/34096759453
10009968868,34097519300,2026-09-07T07:51:06Z,workflow_dispatch,fix/engineering-review-closeout,27,success,db4fd00d85b0c46c1ac6bce25eafed8026122cde,1d63d8c3f82c01748096a8b736e2e4d2d6fd0e5a,EPYC 7763,AMD EPYC 7763 64-Core Processor,standard,passed,https://github.com/brandopakel/keel/actions/runs/34097519300
10011190184,34100933346,2026-09-07T08:30:19Z,workflow_dispatch,perf/readiness-registration,30,success,c9e84c08a103f0bb36e6bf77e05fd5b0664427f6,6fbeacc7a43fd44182f8bd56cbe1c71b245fe168,EPYC 7763,AMD EPYC 7763 64-Core Processor,memory standard,passed,https://github.com/brandopakel/keel/actions/runs/34100933346
10011740296,34103190849,2026-09-07T08:55:33Z,workflow_dispatch,perf/readiness-registration,30,success,c9e84c08a103f0bb36e6bf77e05fd5b0664427f6,6fbeacc7a43fd44182f8bd56cbe1c71b245fe168,EPYC 9V74,AMD EPYC 9V74 80-Core Processor,standard,passed,https://github.com/brandopakel/keel/actions/runs/34103190849
10013979742,34108762206,2026-09-07T09:56:14Z,workflow_dispatch,fix/collection-reply-admission,35,success,89857e84be03ecb162d4e62b9439219064bc1743,b2f1314cb51208538ce70d7592c12e545058ecb7,EPYC 7763,AMD EPYC 7763 64-Core Processor,standard,passed,https://github.com/brandopakel/keel/actions/runs/34108762206
10014623731,34110805600,2026-09-07T10:19:00Z,workflow_dispatch,fix/collection-reply-admission,35,success,89857e84be03ecb162d4e62b9439219064bc1743,b2f1314cb51208538ce70d7592c12e545058ecb7,EPYC 7763,AMD EPYC 7763 64-Core Processor,standard,passed,https://github.com/brandopakel/keel/actions/runs/34110805600
10015524702,34113254376,2026-09-07T10:47:13Z,workflow_dispatch,fix/client-run-fairness,37,success,2a34ce5900692d83a78f0e0a2782b4f5f47f6414,745ff7c4f62e0631ca9a9698faff172010ffcd94,EPYC 7763,AMD EPYC 7763 64-Core Processor,memory standard,passed,https://github.com/brandopakel/keel/actions/runs/34113254376
10015788699,34114141204,2026-09-07T10:57:46Z,workflow_dispatch,fix/incremental-lookup-compaction,38,success,a38d75802e06eade95d6b2c2045ddc9fe8acabf4,a582361df4950081958c031ebdd37fd789725d6b,EPYC 9V74,AMD EPYC 9V74 80-Core Processor,memory standard,passed,https://github.com/brandopakel/keel/actions/runs/34114141204
10020082443,34124535770,2026-09-07T12:55:35Z,workflow_dispatch,fix/client-run-fairness,37,success,66f8ceb34b9df14ac9875c3893b3603d37f36039,a1dad8671333f6b9d0c720f00d6d1314ddff47a9,EPYC 9V74,AMD EPYC 9V74 80-Core Processor,standard,passed,https://github.com/brandopakel/keel/actions/runs/34124535770
10020852119,34127226459,2026-09-07T13:24:31Z,workflow_dispatch,perf/collection-churn-compaction,45,success,66f8ceb34b9df14ac9875c3893b3603d37f36039,790844e68a466058d721e54f2928de34b4029583,EPYC 7763,AMD EPYC 7763 64-Core Processor,standard,passed,https://github.com/brandopakel/keel/actions/runs/34127226459
10021361979,34128657503,2026-09-07T13:39:57Z,workflow_dispatch,fix/asynchronous-rewrite-sync,43,success,3f16dfaaaf3b12bd79f08a31875c20e6307eaee5,af1ae8539c4dd43da2c188f5e0a320d4014f1441,EPYC 7763,AMD EPYC 7763 64-Core Processor,standard,passed,https://github.com/brandopakel/keel/actions/runs/34128657503
10023154278,34132681515,2026-09-07T14:23:25Z,workflow_dispatch,fix/asynchronous-rewrite-sync,43,success,10694f7777ab192d777f1a8a1e3d7d6557d95b31,884eb49f3e5b1aac4d55957162db016052cd55a7,Xeon 8370C,Intel(R) Xeon(R) Platinum 8370C CPU @ 2.80GHz,standard,passed,https://github.com/brandopakel/keel/actions/runs/34132681515
10029399313,34150340348,2026-09-07T18:07:06Z,workflow_dispatch,fix/zset-index-compaction,48,success,a7c6600cece5d21a78794e40e2f59be0e55028d4,abec4345f098a422648d56836b5667d5f4a6edf3,Xeon 8573C,INTEL(R) XEON(R) PLATINUM 8573C,standard,passed,https://github.com/brandopakel/keel/actions/runs/34150340348
10030779361,34153539090,2026-09-07T18:55:03Z,workflow_dispatch,perf/bounded-hash-storage,50,success,a7c6600cece5d21a78794e40e2f59be0e55028d4,ca86dffdc3febbd67fceb34372a5ff7ea27ae909,EPYC 7763,AMD EPYC 7763 64-Core Processor,standard,passed,https://github.com/brandopakel/keel/actions/runs/34153539090
10031058932,34155075225,2026-09-07T19:18:26Z,workflow_dispatch,perf/bounded-hash-storage,50,success,a7c6600cece5d21a78794e40e2f59be0e55028d4,62d4285c882b219007caa87ba14a4115d73a8520,Xeon 6973P-C,Intel(R) Xeon(R) 6973P-C,standard,passed,https://github.com/brandopakel/keel/actions/runs/34155075225
10031649211,34157080059,2026-09-07T19:50:01Z,workflow_dispatch,fix/geo-response-admission,53,success,c235be74d6cedf6d972fb95269edac212e53c882,e2644b657e8eea6896139e92ed5fc814c54d6f4c,EPYC 9V74,AMD EPYC 9V74 80-Core Processor,standard,passed,https://github.com/brandopakel/keel/actions/runs/34157080059
10032431774,34160469172,2026-09-07T20:43:10Z,workflow_dispatch,perf/rewrite-write-worker,54,failure,135ccbe87d169b75314223f1c6d2b684e5ab5272,f47348e06132a49ff122e0e936b596ca909db6b2,Xeon 8573C,INTEL(R) XEON(R) PLATINUM 8573C,,no summary,https://github.com/brandopakel/keel/actions/runs/34160469172
10032506562,34160718591,2026-09-07T20:47:14Z,workflow_dispatch,perf/rewrite-write-worker,54,cancelled,,,,,,no summary,https://github.com/brandopakel/keel/actions/runs/34160718591
10032811198,34160763394,2026-09-07T20:47:59Z,workflow_dispatch,perf/rewrite-write-worker,54,success,135ccbe87d169b75314223f1c6d2b684e5ab5272,f47348e06132a49ff122e0e936b596ca909db6b2,EPYC 7763,AMD EPYC 7763 64-Core Processor,standard,passed,https://github.com/brandopakel/keel/actions/runs/34160763394
10033346793,34161677678,2026-09-07T21:02:59Z,workflow_dispatch,fix/command-transient-reservations,55,success,9aa66d16c644a174b3ce2d229a32466fd6c0df6b,5d86e6791aaf820b8f476b6b82018ffbc5526906,EPYC 7763,AMD EPYC 7763 64-Core Processor,standard,passed,https://github.com/brandopakel/keel/actions/runs/34161677678
10033932310,34163765235,2026-09-07T21:36:43Z,workflow_dispatch,fix/command-transient-reservations,55,success,9aa66d16c644a174b3ce2d229a32466fd6c0df6b,ca48fa774f9228b055d0928fa934a27b9823d3be,EPYC 7763,AMD EPYC 7763 64-Core Processor,standard,passed,https://github.com/brandopakel/keel/actions/runs/34163765235
10037802347,34177607787,2026-09-08T01:43:36Z,workflow_dispatch,feat/request-allocation-admission,66,cancelled,39043e3ed8bd8e54c147bb9a1fb6e966e11393f9,b456c2762cd0e71c4ddf2ee2b52b6c9ec3b269dc,EPYC 9V74,AMD EPYC 9V74 80-Core Processor,,no summary,https://github.com/brandopakel/keel/actions/runs/34177607787
10038289475,34177666365,2026-09-08T01:44:40Z,workflow_dispatch,feat/request-allocation-admission,66,success,39043e3ed8bd8e54c147bb9a1fb6e966e11393f9,b456c2762cd0e71c4ddf2ee2b52b6c9ec3b269dc,EPYC 7763,AMD EPYC 7763 64-Core Processor,standard,passed,https://github.com/brandopakel/keel/actions/runs/34177666365
10038084395,34178403219,2026-09-08T01:57:49Z,workflow_dispatch,feat/request-allocation-admission,66,cancelled,15ce1c0c696674e5c149811bc2bd071cd8554a8a,5646aa50968da213a7ea8acefafe44a9866840df,EPYC 7763,AMD EPYC 7763 64-Core Processor,,no summary,https://github.com/brandopakel/keel/actions/runs/34178403219
10038593031,34178562831,2026-09-08T02:00:35Z,workflow_dispatch,feat/request-allocation-admission,66,success,15ce1c0c696674e5c149811bc2bd071cd8554a8a,1c8930c946532db484e56c6ba89b3be9029959d6,Xeon 6973P-C,Intel(R) Xeon(R) 6973P-C,standard,passed,https://github.com/brandopakel/keel/actions/runs/34178562831
10038967476,34179665418,2026-09-08T02:19:37Z,workflow_dispatch,perf/coallocated-request-commands,,success,15ce1c0c696674e5c149811bc2bd071cd8554a8a,11268c351834d85077f0fa363b923e9280e4b6af,EPYC 7763,AMD EPYC 7763 64-Core Processor,standard,passed,https://github.com/brandopakel/keel/actions/runs/34179665418
10039556033,34181951552,2026-09-08T02:59:41Z,workflow_dispatch,feat/request-allocation-admission,66,success,15ce1c0c696674e5c149811bc2bd071cd8554a8a,6f7ba298a037bb15b39b7e65a72696192a696861,EPYC 9V74,AMD EPYC 9V74 80-Core Processor,standard,passed,https://github.com/brandopakel/keel/actions/runs/34181951552
10039838381,34183835925,2026-09-08T03:32:00Z,workflow_dispatch,feat/request-allocation-admission,66,failure,15ce1c0c696674e5c149811bc2bd071cd8554a8a,e54b49e8619081b5847ef2eeff5537cdb0e9b829,EPYC 7763,AMD EPYC 7763 64-Core Processor,,no summary,https://github.com/brandopakel/keel/actions/runs/34183835925
10039839142,34183837950,2026-09-08T03:32:02Z,workflow_dispatch,feat/request-allocation-admission,66,failure,15ce1c0c696674e5c149811bc2bd071cd8554a8a,e54b49e8619081b5847ef2eeff5537cdb0e9b829,EPYC 9V74,AMD EPYC 9V74 80-Core Processor,,no summary,https://github.com/brandopakel/keel/actions/runs/34183837950
10040232555,34184079387,2026-09-08T03:36:06Z,workflow_dispatch,feat/request-allocation-admission,66,success,15ce1c0c696674e5c149811bc2bd071cd8554a8a,6ca7ffed5740ac2d5e8f891055b647bf336ef167,EPYC 7763,AMD EPYC 7763 64-Core Processor,standard,passed,https://github.com/brandopakel/keel/actions/runs/34184079387
10040206848,34184081130,2026-09-08T03:36:08Z,workflow_dispatch,feat/request-allocation-admission,66,success,15ce1c0c696674e5c149811bc2bd071cd8554a8a,6ca7ffed5740ac2d5e8f891055b647bf336ef167,EPYC 9V74,AMD EPYC 9V74 80-Core Processor,standard,passed,https://github.com/brandopakel/keel/actions/runs/34184081130
11451903090,37548660544,2026-10-06T23:49:32Z,workflow_dispatch,refactor/remove-default-engine-3,,success,e4c9f00888e97a1f86f13d669f091f9671160b1f,1ef4f21148f07fa70bd42b753e2ded454b4bb2d0,EPYC 7763,AMD EPYC 7763 64-Core Processor,memory standard,passed,https://github.com/brandopakel/keel/actions/runs/37548660544
11452998940,37551070376,2026-10-07T00:16:15Z,workflow_dispatch,refactor/remove-default-engine-3,,success,e4c9f00888e97a1f86f13d669f091f9671160b1f,1ef4f21148f07fa70bd42b753e2ded454b4bb2d0,EPYC 7763,AMD EPYC 7763 64-Core Processor,standard,passed,https://github.com/brandopakel/keel/actions/runs/37551070376
11453049129,37551072856,2026-10-07T00:16:16Z,workflow_dispatch,refactor/remove-default-engine-3,,success,e4c9f00888e97a1f86f13d669f091f9671160b1f,1ef4f21148f07fa70bd42b753e2ded454b4bb2d0,EPYC 7763,AMD EPYC 7763 64-Core Processor,standard,passed,https://github.com/brandopakel/keel/actions/runs/37551072856
11454015159,37551295422,2026-10-07T00:18:47Z,workflow_dispatch,test/remove-default-engine-3-server-layout-control,,success,e4c9f00888e97a1f86f13d669f091f9671160b1f,a7dd64a676e90967976bcf0f92152033d8183fd1,EPYC 9V45,AMD EPYC 9V45 96-Core Processor,standard,passed,https://github.com/brandopakel/keel/actions/runs/37551295422
11453222842,37551298674,2026-10-07T00:18:49Z,workflow_dispatch,test/remove-default-engine-3-server-layout-control,,success,e4c9f00888e97a1f86f13d669f091f9671160b1f,a7dd64a676e90967976bcf0f92152033d8183fd1,EPYC 7763,AMD EPYC 7763 64-Core Processor,standard,passed,https://github.com/brandopakel/keel/actions/runs/37551298674
11454227498,37553142192,2026-10-07T00:39:50Z,workflow_dispatch,test/remove-default-engine-3-layout-only,,success,e4c9f00888e97a1f86f13d669f091f9671160b1f,f2aeea00f4936c11044dddcd290bf6513dc50c1a,Xeon 6973P-C,Intel(R) Xeon(R) 6973P-C,standard,passed,https://github.com/brandopakel/keel/actions/runs/37553142192
11454351480,37553144288,2026-10-07T00:39:52Z,workflow_dispatch,test/remove-default-engine-3-layout-only,,success,e4c9f00888e97a1f86f13d669f091f9671160b1f,f2aeea00f4936c11044dddcd290bf6513dc50c1a,EPYC 9V74,AMD EPYC 9V74 80-Core Processor,standard,passed,https://github.com/brandopakel/keel/actions/runs/37553144288
11455186105,37555416078,2026-10-07T01:06:16Z,workflow_dispatch,refactor/remove-default-engine-3,,success,e4c9f00888e97a1f86f13d669f091f9671160b1f,1ef4f21148f07fa70bd42b753e2ded454b4bb2d0,EPYC 7763,AMD EPYC 7763 64-Core Processor,standard,passed,https://github.com/brandopakel/keel/actions/runs/37555416078
11455062373,37555418648,2026-10-07T01:06:18Z,workflow_dispatch,refactor/remove-default-engine-3,,success,e4c9f00888e97a1f86f13d669f091f9671160b1f,1ef4f21148f07fa70bd42b753e2ded454b4bb2d0,EPYC 9V74,AMD EPYC 9V74 80-Core Processor,standard,passed,https://github.com/brandopakel/keel/actions/runs/37555418648
11455421065,37555421338,2026-10-07T01:06:20Z,workflow_dispatch,test/remove-default-engine-3-server-layout-control,,success,e4c9f00888e97a1f86f13d669f091f9671160b1f,a7dd64a676e90967976bcf0f92152033d8183fd1,EPYC 9V74,AMD EPYC 9V74 80-Core Processor,standard,passed,https://github.com/brandopakel/keel/actions/runs/37555421338
11454727560,37555423998,2026-10-07T01:06:22Z,workflow_dispatch,test/remove-default-engine-3-server-layout-control,,success,e4c9f00888e97a1f86f13d669f091f9671160b1f,a7dd64a676e90967976bcf0f92152033d8183fd1,EPYC 9V74,AMD EPYC 9V74 80-Core Processor,standard,passed,https://github.com/brandopakel/keel/actions/runs/37555423998
11455971879,37557611856,2026-10-07T01:32:28Z,workflow_dispatch,test/remove-default-engine-3-baseline-field,,success,e4c9f00888e97a1f86f13d669f091f9671160b1f,f34d49ac4250be5470ee42e76353122c929b0524,Xeon 8573C,INTEL(R) XEON(R) PLATINUM 8573C,standard,passed,https://github.com/brandopakel/keel/actions/runs/37557611856
11456225532,37557614069,2026-10-07T01:32:29Z,workflow_dispatch,refactor/remove-default-engine-3,,success,f34d49ac4250be5470ee42e76353122c929b0524,1ef4f21148f07fa70bd42b753e2ded454b4bb2d0,EPYC 9V74,AMD EPYC 9V74 80-Core Processor,standard,passed,https://github.com/brandopakel/keel/actions/runs/37557614069
11454759735,37557616371,2026-10-07T01:32:31Z,workflow_dispatch,test/remove-default-engine-3-baseline-field,,success,e4c9f00888e97a1f86f13d669f091f9671160b1f,f34d49ac4250be5470ee42e76353122c929b0524,EPYC 7763,AMD EPYC 7763 64-Core Processor,standard,passed,https://github.com/brandopakel/keel/actions/runs/37557616371
11455838017,37557618628,2026-10-07T01:32:33Z,workflow_dispatch,refactor/remove-default-engine-3,,success,f34d49ac4250be5470ee42e76353122c929b0524,1ef4f21148f07fa70bd42b753e2ded454b4bb2d0,EPYC 7763,AMD EPYC 7763 64-Core Processor,standard,passed,https://github.com/brandopakel/keel/actions/runs/37557618628
11455194947,37557621245,2026-10-07T01:32:35Z,workflow_dispatch,test/remove-default-engine-3-baseline-field,,success,e4c9f00888e97a1f86f13d669f091f9671160b1f,f34d49ac4250be5470ee42e76353122c929b0524,EPYC 9V74,AMD EPYC 9V74 80-Core Processor,standard,passed,https://github.com/brandopakel/keel/actions/runs/37557621245
11456087883,37557623705,2026-10-07T01:32:37Z,workflow_dispatch,refactor/remove-default-engine-3,,success,f34d49ac4250be5470ee42e76353122c929b0524,1ef4f21148f07fa70bd42b753e2ded454b4bb2d0,EPYC 9V74,AMD EPYC 9V74 80-Core Processor,standard,passed,https://github.com/brandopakel/keel/actions/runs/37557623705
11455718862,37557625962,2026-10-07T01:32:38Z,workflow_dispatch,test/remove-default-engine-3-baseline-field,,success,e4c9f00888e97a1f86f13d669f091f9671160b1f,f34d49ac4250be5470ee42e76353122c929b0524,EPYC 7763,AMD EPYC 7763 64-Core Processor,standard,passed,https://github.com/brandopakel/keel/actions/runs/37557625962
11456204310,37557628060,2026-10-07T01:32:40Z,workflow_dispatch,refactor/remove-default-engine-3,,success,f34d49ac4250be5470ee42e76353122c929b0524,1ef4f21148f07fa70bd42b753e2ded454b4bb2d0,EPYC 7763,AMD EPYC 7763 64-Core Processor,standard,passed,https://github.com/brandopakel/keel/actions/runs/37557628060
11455947332,37557841259,2026-10-07T01:35:13Z,workflow_dispatch,refactor/remove-default-engine-4,,success,96bf8c021569dececa63aefed077c32cb98c94a2,f0c4332c5c35061cc0ad084b8eb3dc81a65a8c12,EPYC 9V74,AMD EPYC 9V74 80-Core Processor,standard,passed,https://github.com/brandopakel/keel/actions/runs/37557841259
11456505532,37557844033,2026-10-07T01:35:14Z,workflow_dispatch,refactor/remove-default-engine-4,,success,96bf8c021569dececa63aefed077c32cb98c94a2,f0c4332c5c35061cc0ad084b8eb3dc81a65a8c12,EPYC 9V74,AMD EPYC 9V74 80-Core Processor,standard,passed,https://github.com/brandopakel/keel/actions/runs/37557844033
11457015949,37557846520,2026-10-07T01:35:16Z,workflow_dispatch,refactor/remove-default-engine-4,,success,96bf8c021569dececa63aefed077c32cb98c94a2,f0c4332c5c35061cc0ad084b8eb3dc81a65a8c12,EPYC 7763,AMD EPYC 7763 64-Core Processor,standard,passed,https://github.com/brandopakel/keel/actions/runs/37557846520
11457521482,37561228970,2026-10-07T02:16:54Z,workflow_dispatch,refactor/remove-default-engine-3,,success,f34d49ac4250be5470ee42e76353122c929b0524,1ef4f21148f07fa70bd42b753e2ded454b4bb2d0,EPYC 7763,AMD EPYC 7763 64-Core Processor,standard,passed,https://github.com/brandopakel/keel/actions/runs/37561228970
11457073574,37561231524,2026-10-07T02:16:56Z,workflow_dispatch,refactor/remove-default-engine-3,,success,f34d49ac4250be5470ee42e76353122c929b0524,1ef4f21148f07fa70bd42b753e2ded454b4bb2d0,EPYC 7763,AMD EPYC 7763 64-Core Processor,standard,passed,https://github.com/brandopakel/keel/actions/runs/37561231524
11457058588,37561233704,2026-10-07T02:16:58Z,workflow_dispatch,refactor/remove-default-engine-3,,success,f34d49ac4250be5470ee42e76353122c929b0524,1ef4f21148f07fa70bd42b753e2ded454b4bb2d0,EPYC 9V45,AMD EPYC 9V45 96-Core Processor,standard,passed,https://github.com/brandopakel/keel/actions/runs/37561233704
11457118659,37561235759,2026-10-07T02:16:59Z,workflow_dispatch,refactor/remove-default-engine-3,,success,f34d49ac4250be5470ee42e76353122c929b0524,1ef4f21148f07fa70bd42b753e2ded454b4bb2d0,EPYC 7763,AMD EPYC 7763 64-Core Processor,standard,passed,https://github.com/brandopakel/keel/actions/runs/37561235759
11461694131,37572767654,2026-10-07T04:42:46Z,workflow_dispatch,refactor/remove-default-engine-3,,success,014fe23b431223f0c09f91d1aaa7fa3ba0d23c53,468249eac6bf702d6cc0b1493815f9e197bf74c2,EPYC 7763,AMD EPYC 7763 64-Core Processor,standard,passed,https://github.com/brandopakel/keel/actions/runs/37572767654
11461639357,37572770232,2026-10-07T04:42:48Z,workflow_dispatch,refactor/remove-default-engine-3,,success,014fe23b431223f0c09f91d1aaa7fa3ba0d23c53,468249eac6bf702d6cc0b1493815f9e197bf74c2,EPYC 7763,AMD EPYC 7763 64-Core Processor,standard,passed,https://github.com/brandopakel/keel/actions/runs/37572770232
11460774938,37572772401,2026-10-07T04:42:50Z,workflow_dispatch,refactor/remove-default-engine-3,,success,014fe23b431223f0c09f91d1aaa7fa3ba0d23c53,468249eac6bf702d6cc0b1493815f9e197bf74c2,EPYC 7763,AMD EPYC 7763 64-Core Processor,standard,passed,https://github.com/brandopakel/keel/actions/runs/37572772401
11465424982,37584018600,2026-10-07T06:53:17Z,workflow_dispatch,refactor/remove-default-engine-4,135,success,ef7a6bd0d72bf5e70d7b2d837f5eb95e368f8f9f,dd16bf308d862e65298da2a7412d38277547f29d,EPYC 7763,AMD EPYC 7763 64-Core Processor,standard,passed,https://github.com/brandopakel/keel/actions/runs/37584018600
11467305492,37584026507,2026-10-07T06:53:22Z,workflow_dispatch,refactor/remove-default-engine-4,135,success,ef7a6bd0d72bf5e70d7b2d837f5eb95e368f8f9f,dd16bf308d862e65298da2a7412d38277547f29d,EPYC 7763,AMD EPYC 7763 64-Core Processor,standard,passed,https://github.com/brandopakel/keel/actions/runs/37584026507
11466832154,37584034258,2026-10-07T06:53:27Z,workflow_dispatch,refactor/remove-default-engine-4,135,success,ef7a6bd0d72bf5e70d7b2d837f5eb95e368f8f9f,dd16bf308d862e65298da2a7412d38277547f29d,EPYC 7763,AMD EPYC 7763 64-Core Processor,standard,passed,https://github.com/brandopakel/keel/actions/runs/37584034258
11502476396,37658939799,2026-10-07T17:25:24Z,workflow_dispatch,refactor/instance-contract-1,,cancelled,b9e0282d23a13c2c1f86429d3d6ceba8ae2407a9,ac2ca7b279a2ed58db22a4d2c295da9be6f6c5b7,EPYC 7763,AMD EPYC 7763 64-Core Processor,,no summary,https://github.com/brandopakel/keel/actions/runs/37658939799
11502059047,37658948961,2026-10-07T17:25:28Z,workflow_dispatch,refactor/instance-contract-1,,cancelled,b9e0282d23a13c2c1f86429d3d6ceba8ae2407a9,ac2ca7b279a2ed58db22a4d2c295da9be6f6c5b7,EPYC 9V45,AMD EPYC 9V45 96-Core Processor,,no summary,https://github.com/brandopakel/keel/actions/runs/37658948961
11502846032,37658958453,2026-10-07T17:25:32Z,workflow_dispatch,refactor/instance-contract-1,,cancelled,b9e0282d23a13c2c1f86429d3d6ceba8ae2407a9,ac2ca7b279a2ed58db22a4d2c295da9be6f6c5b7,EPYC 9V45,AMD EPYC 9V45 96-Core Processor,,no summary,https://github.com/brandopakel/keel/actions/runs/37658958453
11506130121,37665552203,2026-10-07T18:16:26Z,workflow_dispatch,refactor/instance-contract-1,,cancelled,,,,,,no summary,https://github.com/brandopakel/keel/actions/runs/37665552203
11503509776,37665561223,2026-10-07T18:16:30Z,workflow_dispatch,refactor/instance-contract-1,,success,b9e0282d23a13c2c1f86429d3d6ceba8ae2407a9,ac2ca7b279a2ed58db22a4d2c295da9be6f6c5b7,Xeon 8573C,INTEL(R) XEON(R) PLATINUM 8573C,memory standard,passed,https://github.com/brandopakel/keel/actions/runs/37665561223
11504135965,37665570601,2026-10-07T18:16:34Z,workflow_dispatch,refactor/instance-contract-1,,cancelled,b9e0282d23a13c2c1f86429d3d6ceba8ae2407a9,ac2ca7b279a2ed58db22a4d2c295da9be6f6c5b7,Xeon 8573C,INTEL(R) XEON(R) PLATINUM 8573C,memory standard,passed,https://github.com/brandopakel/keel/actions/runs/37665570601
11503923643,37665580208,2026-10-07T18:16:38Z,workflow_dispatch,refactor/instance-contract-1,,cancelled,b9e0282d23a13c2c1f86429d3d6ceba8ae2407a9,ac2ca7b279a2ed58db22a4d2c295da9be6f6c5b7,EPYC 7763,AMD EPYC 7763 64-Core Processor,memory standard,passed,https://github.com/brandopakel/keel/actions/runs/37665580208
11514718058,37692225434,2026-10-07T21:50:45Z,workflow_dispatch,fix/legacy-migration-crash-window,,success,b9e0282d23a13c2c1f86429d3d6ceba8ae2407a9,372db0f544092fd7b9bceab55264cedc31f8cd59,EPYC 9V74,AMD EPYC 9V74 80-Core Processor,memory standard,passed,https://github.com/brandopakel/keel/actions/runs/37692225434
11515975359,37692230934,2026-10-07T21:50:48Z,workflow_dispatch,fix/legacy-migration-crash-window,,success,b9e0282d23a13c2c1f86429d3d6ceba8ae2407a9,372db0f544092fd7b9bceab55264cedc31f8cd59,EPYC 9V74,AMD EPYC 9V74 80-Core Processor,memory standard,passed,https://github.com/brandopakel/keel/actions/runs/37692230934
11516516442,37695858574,2026-10-07T22:23:21Z,workflow_dispatch,feat/info-redis-fields,140,success,d2e9df7b86776a73ea2c81a5d03f57b26c9540b0,bcdbc4f4b2ccfde6724ec05aa33417ab9740ad46,EPYC 7763,AMD EPYC 7763 64-Core Processor,memory standard,passed,https://github.com/brandopakel/keel/actions/runs/37695858574
11516326966,37695867549,2026-10-07T22:23:26Z,workflow_dispatch,feat/info-redis-fields,140,success,d2e9df7b86776a73ea2c81a5d03f57b26c9540b0,bcdbc4f4b2ccfde6724ec05aa33417ab9740ad46,EPYC 7763,AMD EPYC 7763 64-Core Processor,memory standard,passed,https://github.com/brandopakel/keel/actions/runs/37695867549
11516246812,37695876133,2026-10-07T22:23:31Z,workflow_dispatch,feat/info-redis-fields,140,success,d2e9df7b86776a73ea2c81a5d03f57b26c9540b0,bcdbc4f4b2ccfde6724ec05aa33417ab9740ad46,Xeon 8573C,INTEL(R) XEON(R) PLATINUM 8573C,memory standard,passed,https://github.com/brandopakel/keel/actions/runs/37695876133
11519092810,37702595485,2026-10-07T23:29:47Z,workflow_dispatch,refactor/instance-contract-1,,success,a8e85aa3a133ec1c5b55a8b29468410f52f744b8,645978e29571355a0a33f38f96d92af8de744d98,Xeon 8573C,INTEL(R) XEON(R) PLATINUM 8573C,memory standard,passed,https://github.com/brandopakel/keel/actions/runs/37702595485
11519795415,37702599910,2026-10-07T23:29:50Z,workflow_dispatch,refactor/instance-contract-1,,success,a8e85aa3a133ec1c5b55a8b29468410f52f744b8,645978e29571355a0a33f38f96d92af8de744d98,EPYC 7763,AMD EPYC 7763 64-Core Processor,memory standard,passed,https://github.com/brandopakel/keel/actions/runs/37702599910
11519178021,37702880251,2026-10-07T23:32:42Z,workflow_dispatch,refactor/instance-contract-2,,success,4ab592a6accaaf4cf38f91cdb4c13fb0aa966d45,0034769e9fef15b2a124d6d491bb77f080702aa6,EPYC 7763,AMD EPYC 7763 64-Core Processor,memory standard,passed,https://github.com/brandopakel/keel/actions/runs/37702880251
11519985681,37702884867,2026-10-07T23:32:45Z,workflow_dispatch,refactor/instance-contract-2,,success,4ab592a6accaaf4cf38f91cdb4c13fb0aa966d45,0034769e9fef15b2a124d6d491bb77f080702aa6,EPYC 7763,AMD EPYC 7763 64-Core Processor,memory standard,passed,https://github.com/brandopakel/keel/actions/runs/37702884867
11522485183,37709373956,2026-10-08T00:44:59Z,workflow_dispatch,refactor/instance-contract-3,,success,acb13e2218035580d8ac5c042360cbfc17e4bdf1,b1322b83857907f853b77eba2efd8b390877ae09,EPYC 7763,AMD EPYC 7763 64-Core Processor,memory standard,passed,https://github.com/brandopakel/keel/actions/runs/37709373956
11522177504,37709378043,2026-10-08T00:45:02Z,workflow_dispatch,refactor/instance-contract-3,,success,acb13e2218035580d8ac5c042360cbfc17e4bdf1,b1322b83857907f853b77eba2efd8b390877ae09,EPYC 7763,AMD EPYC 7763 64-Core Processor,memory standard,passed,https://github.com/brandopakel/keel/actions/runs/37709378043
11523198714,37713243787,2026-10-08T01:30:13Z,workflow_dispatch,refactor/instance-contract-4,,success,280e83bdd98cba6a013aaaf446926ad9d2170c66,d9e95f907dcbf5eb86d61d443bc2d0315f5ac346,EPYC 7763,AMD EPYC 7763 64-Core Processor,memory standard,passed,https://github.com/brandopakel/keel/actions/runs/37713243787
11523622388,37713247705,2026-10-08T01:30:16Z,workflow_dispatch,refactor/instance-contract-4,,success,280e83bdd98cba6a013aaaf446926ad9d2170c66,d9e95f907dcbf5eb86d61d443bc2d0315f5ac346,EPYC 7763,AMD EPYC 7763 64-Core Processor,memory standard,passed,https://github.com/brandopakel/keel/actions/runs/37713247705
11524598636,37716888745,2026-10-08T02:14:26Z,workflow_dispatch,refactor/instance-contract-5,,success,ddb4ec00fb2808ae61d1a43bc4d846c412bc9531,2e988e7a7acc03cdd7732019d56a954dff64d8a6,EPYC 9V74,AMD EPYC 9V74 80-Core Processor,memory standard,passed,https://github.com/brandopakel/keel/actions/runs/37716888745
11525480294,37716893979,2026-10-08T02:14:29Z,workflow_dispatch,refactor/instance-contract-5,,success,ddb4ec00fb2808ae61d1a43bc4d846c412bc9531,2e988e7a7acc03cdd7732019d56a954dff64d8a6,EPYC 7763,AMD EPYC 7763 64-Core Processor,memory standard,passed,https://github.com/brandopakel/keel/actions/runs/37716893979
11525444353,37720303592,2026-10-08T02:56:16Z,workflow_dispatch,test/instance-contract-5-memtier-policy,,success,ddb4ec00fb2808ae61d1a43bc4d846c412bc9531,93565b4e2b48525110a9b14fef367a8f406a8db1,EPYC 9V45,AMD EPYC 9V45 96-Core Processor,standard,passed,https://github.com/brandopakel/keel/actions/runs/37720303592
11526546868,37720310094,2026-10-08T02:56:21Z,workflow_dispatch,test/instance-contract-5-memtier-policy,,success,ddb4ec00fb2808ae61d1a43bc4d846c412bc9531,93565b4e2b48525110a9b14fef367a8f406a8db1,EPYC 7763,AMD EPYC 7763 64-Core Processor,standard,passed,https://github.com/brandopakel/keel/actions/runs/37720310094
11527376111,37722459510,2026-10-08T03:23:07Z,workflow_dispatch,test/instance-contract-5-memtier-policy,,success,ddb4ec00fb2808ae61d1a43bc4d846c412bc9531,93565b4e2b48525110a9b14fef367a8f406a8db1,EPYC 9V45,AMD EPYC 9V45 96-Core Processor,standard,passed,https://github.com/brandopakel/keel/actions/runs/37722459510
11526953121,37722466575,2026-10-08T03:23:12Z,workflow_dispatch,test/instance-contract-5-memtier-policy,,success,ddb4ec00fb2808ae61d1a43bc4d846c412bc9531,93565b4e2b48525110a9b14fef367a8f406a8db1,EPYC 7763,AMD EPYC 7763 64-Core Processor,standard,passed,https://github.com/brandopakel/keel/actions/runs/37722466575
11528130266,37723342436,2026-10-08T03:34:09Z,workflow_dispatch,test/instance-contract-5-memtier-policy-b,,success,ddb4ec00fb2808ae61d1a43bc4d846c412bc9531,f3dd6272884a0e4f68b5f940ec72714354ec194d,EPYC 7763,AMD EPYC 7763 64-Core Processor,memory standard,passed,https://github.com/brandopakel/keel/actions/runs/37723342436
11527771383,37723347875,2026-10-08T03:34:13Z,workflow_dispatch,test/instance-contract-5-memtier-policy-b,,success,ddb4ec00fb2808ae61d1a43bc4d846c412bc9531,f3dd6272884a0e4f68b5f940ec72714354ec194d,EPYC 9V45,AMD EPYC 9V45 96-Core Processor,standard,passed,https://github.com/brandopakel/keel/actions/runs/37723347875
11527094636,37723352842,2026-10-08T03:34:17Z,workflow_dispatch,test/instance-contract-5-memtier-policy-b,,success,ddb4ec00fb2808ae61d1a43bc4d846c412bc9531,f3dd6272884a0e4f68b5f940ec72714354ec194d,EPYC 9V74,AMD EPYC 9V74 80-Core Processor,standard,passed,https://github.com/brandopakel/keel/actions/runs/37723352842
11527767668,37723357662,2026-10-08T03:34:21Z,workflow_dispatch,test/instance-contract-5-memtier-policy-b,,success,ddb4ec00fb2808ae61d1a43bc4d846c412bc9531,f3dd6272884a0e4f68b5f940ec72714354ec194d,Xeon 8370C,Intel(R) Xeon(R) Platinum 8370C CPU @ 2.80GHz,standard,passed,https://github.com/brandopakel/keel/actions/runs/37723357662
11528445389,37725261160,2026-10-08T03:58:37Z,workflow_dispatch,feat/info-redis-fields,140,success,87d3b4074e739fa7ff185fa66cb5bee7706e383e,76d92cd3218ee4aabeea9470222c13364bbecf10,EPYC 7763,AMD EPYC 7763 64-Core Processor,memory standard,passed,https://github.com/brandopakel/keel/actions/runs/37725261160
11528172256,37725265796,2026-10-08T03:58:41Z,workflow_dispatch,feat/info-redis-fields,140,success,87d3b4074e739fa7ff185fa66cb5bee7706e383e,76d92cd3218ee4aabeea9470222c13364bbecf10,Xeon 8573C,INTEL(R) XEON(R) PLATINUM 8573C,memory standard,passed,https://github.com/brandopakel/keel/actions/runs/37725265796
11528761987,37726543993,2026-10-08T04:14:39Z,workflow_dispatch,ci/matched-everysec-leg,,success,87d3b4074e739fa7ff185fa66cb5bee7706e383e,dd3b7fafd0df34d17e1bab091dc876b625664178,Xeon 8573C,INTEL(R) XEON(R) PLATINUM 8573C,memory standard,passed,https://github.com/brandopakel/keel/actions/runs/37726543993
11528839809,37730950757,2026-10-08T05:09:20Z,workflow_dispatch,fix/aof-short-write-truncate,,cancelled,3f122363e927900180520d663d2093c9cb508c92,902216c2227dad9ffcc691c81fa6ec58949be09c,EPYC 7763,AMD EPYC 7763 64-Core Processor,,no summary,https://github.com/brandopakel/keel/actions/runs/37730950757
11528914680,37730958541,2026-10-08T05:09:25Z,workflow_dispatch,fix/aof-short-write-truncate,,cancelled,3f122363e927900180520d663d2093c9cb508c92,902216c2227dad9ffcc691c81fa6ec58949be09c,EPYC 9V74,AMD EPYC 9V74 80-Core Processor,,no summary,https://github.com/brandopakel/keel/actions/runs/37730958541
