artifact_id,run_id,time,branch,pr,host,suite,workload,repetitions,ratio_median,ratio_min,ratio_max,baseline_ops,candidate_ops,baseline_p99_ms,candidate_p99_ms,baseline_p999_ms,candidate_p999_ms,baseline_rss_mib,candidate_rss_mib,client_cpu_warnings
11528543558,37726543993,2026-10-08T04:14:39Z,ci/matched-everysec-leg,,EPYC 7763,standard,cache-read-64,7,1.0003,0.994,1.0088,100302,100375,0.359,0.359,0.535,0.559,14.91,15.06,0
11528543558,37726543993,2026-10-08T04:14:39Z,ci/matched-everysec-leg,,EPYC 7763,standard,cache-balanced-64,7,1.0033,0.9771,1.0069,94706,95076,0.375,0.375,1.207,0.695,15.06,15.07,0
11528543558,37726543993,2026-10-08T04:14:39Z,ci/matched-everysec-leg,,EPYC 7763,standard,cache-write-64,7,0.9995,0.981,1.007,93433,93360,0.375,0.375,1.167,0.623,15.06,15.18,0
11528543558,37726543993,2026-10-08T04:14:39Z,ci/matched-everysec-leg,,EPYC 7763,standard,cache-write-pipeline-64,7,0.9996,0.9949,1.0038,1022323,1020100,2.271,2.223,3.711,3.807,13.12,14.93,0
11528543558,37726543993,2026-10-08T04:14:39Z,ci/matched-everysec-leg,,EPYC 7763,standard,one-client,7,1.0049,0.9955,1.0092,16957,16905,0.087,0.087,0.111,0.111,13.25,15.16,0
11528543558,37726543993,2026-10-08T04:14:39Z,ci/matched-everysec-leg,,EPYC 7763,standard,many-clients,7,0.9968,0.968,1.0039,105200,105115,4.223,4.671,14.143,14.271,15.14,15.1,0
11528543558,37726543993,2026-10-08T04:14:39Z,ci/matched-everysec-leg,,EPYC 7763,standard,pipeline-16,7,0.9956,0.9686,1.0067,804512,801430,0.727,0.727,3.231,3.151,14.86,14.82,0
11528543558,37726543993,2026-10-08T04:14:39Z,ci/matched-everysec-leg,,EPYC 7763,standard,pipeline-64,7,1.0001,0.9954,1.0179,1225171,1227044,1.815,1.791,3.855,3.855,14.61,14.86,0
11528543558,37726543993,2026-10-08T04:14:39Z,ci/matched-everysec-leg,,EPYC 7763,standard,set,7,1.0069,1.0009,1.0294,98636,99273,0.367,0.359,0.639,0.591,14.89,15.04,0
11528543558,37726543993,2026-10-08T04:14:39Z,ci/matched-everysec-leg,,EPYC 7763,standard,sorted-set,7,0.9945,0.9878,1.027,93795,93609,0.383,0.391,0.759,0.855,17.43,17.29,0
11528543558,37726543993,2026-10-08T04:14:39Z,ci/matched-everysec-leg,,EPYC 7763,standard,counter,7,0.9992,0.9847,1.0037,96012,96193,0.375,0.375,0.735,0.727,15.13,15.02,0
11528543558,37726543993,2026-10-08T04:14:39Z,ci/matched-everysec-leg,,EPYC 7763,standard,hash-field-read,7,1.0051,0.9942,1.0135,93028,92840,0.375,0.375,0.967,1.215,40.48,40.42,0
11528543558,37726543993,2026-10-08T04:14:39Z,ci/matched-everysec-leg,,EPYC 7763,standard,reconnect,7,1.0056,0.9847,1.0083,95834,96588,0.375,0.375,0.583,0.575,14.88,15.08,0
