artifact_id,run_id,time,branch,area,commands,commands_present,subcommands,subcommands_present
11467076744,37586758823,2026-10-07T07:20:51Z,feat/command-census,array,18,0,0,0
11467076744,37586758823,2026-10-07T07:20:51Z,feat/command-census,bitmap,7,0,0,0
11467076744,37586758823,2026-10-07T07:20:51Z,feat/command-census,cluster,4,0,31,0
11467076744,37586758823,2026-10-07T07:20:51Z,feat/command-census,connection,8,7,18,6
11467076744,37586758823,2026-10-07T07:20:51Z,feat/command-census,generic,29,13,5,0
11467076744,37586758823,2026-10-07T07:20:51Z,feat/command-census,geo,10,5,0,0
11467076744,37586758823,2026-10-07T07:20:51Z,feat/command-census,hash,29,11,4,0
11467076744,37586758823,2026-10-07T07:20:51Z,feat/command-census,hyperloglog,5,3,0,0
11467076744,37586758823,2026-10-07T07:20:51Z,feat/command-census,list,24,9,0,0
11467076744,37586758823,2026-10-07T07:20:51Z,feat/command-census,module:ReJSON,25,0,0,0
11467076744,37586758823,2026-10-07T07:20:51Z,feat/command-census,module:bf,52,18,0,0
11467076744,37586758823,2026-10-07T07:20:51Z,feat/command-census,module:timeseries,23,0,0,0
11467076744,37586758823,2026-10-07T07:20:51Z,feat/command-census,module:vectorset,13,0,0,0
11467076744,37586758823,2026-10-07T07:20:51Z,feat/command-census,pubsub,9,0,6,0
11467076744,37586758823,2026-10-07T07:20:51Z,feat/command-census,scripting,8,0,15,0
11467076744,37586758823,2026-10-07T07:20:51Z,feat/command-census,server,32,5,59,3
11467076744,37586758823,2026-10-07T07:20:51Z,feat/command-census,set,19,8,0,0
11467076744,37586758823,2026-10-07T07:20:51Z,feat/command-census,sorted-set,35,12,0,0
11467076744,37586758823,2026-10-07T07:20:51Z,feat/command-census,stream,20,0,10,0
11467076744,37586758823,2026-10-07T07:20:51Z,feat/command-census,string,26,12,0,0
11467076744,37586758823,2026-10-07T07:20:51Z,feat/command-census,transactions,5,4,0,0
11499512802,37658260465,2026-10-07T17:20:12Z,develop,array,18,0,0,0
11499512802,37658260465,2026-10-07T17:20:12Z,develop,bitmap,7,0,0,0
11499512802,37658260465,2026-10-07T17:20:12Z,develop,cluster,4,0,31,0
11499512802,37658260465,2026-10-07T17:20:12Z,develop,connection,8,7,18,6
11499512802,37658260465,2026-10-07T17:20:12Z,develop,generic,29,13,5,0
11499512802,37658260465,2026-10-07T17:20:12Z,develop,geo,10,5,0,0
11499512802,37658260465,2026-10-07T17:20:12Z,develop,hash,29,11,4,0
11499512802,37658260465,2026-10-07T17:20:12Z,develop,hyperloglog,5,3,0,0
11499512802,37658260465,2026-10-07T17:20:12Z,develop,list,24,9,0,0
11499512802,37658260465,2026-10-07T17:20:12Z,develop,module:ReJSON,25,0,0,0
11499512802,37658260465,2026-10-07T17:20:12Z,develop,module:bf,52,18,0,0
11499512802,37658260465,2026-10-07T17:20:12Z,develop,module:timeseries,23,0,0,0
11499512802,37658260465,2026-10-07T17:20:12Z,develop,module:vectorset,13,0,0,0
11499512802,37658260465,2026-10-07T17:20:12Z,develop,pubsub,9,0,6,0
11499512802,37658260465,2026-10-07T17:20:12Z,develop,scripting,8,0,15,0
11499512802,37658260465,2026-10-07T17:20:12Z,develop,server,32,5,59,3
11499512802,37658260465,2026-10-07T17:20:12Z,develop,set,19,8,0,0
11499512802,37658260465,2026-10-07T17:20:12Z,develop,sorted-set,35,12,0,0
11499512802,37658260465,2026-10-07T17:20:12Z,develop,stream,20,0,10,0
11499512802,37658260465,2026-10-07T17:20:12Z,develop,string,26,12,0,0
11499512802,37658260465,2026-10-07T17:20:12Z,develop,transactions,5,4,0,0
