run_id,time,branch,name,kind,area,since,deprecated,keel
37736743610,2026-10-08T06:16:53Z,develop,acl,command,server,6.0.0,no,missing
37736743610,2026-10-08T06:16:53Z,develop,acl|cat,subcommand,server,6.0.0,no,missing
37736743610,2026-10-08T06:16:53Z,develop,acl|deluser,subcommand,server,6.0.0,no,missing
37736743610,2026-10-08T06:16:53Z,develop,acl|dryrun,subcommand,server,7.0.0,no,missing
37736743610,2026-10-08T06:16:53Z,develop,acl|genpass,subcommand,server,6.0.0,no,missing
37736743610,2026-10-08T06:16:53Z,develop,acl|getuser,subcommand,server,6.0.0,no,missing
37736743610,2026-10-08T06:16:53Z,develop,acl|help,subcommand,server,6.0.0,no,missing
37736743610,2026-10-08T06:16:53Z,develop,acl|list,subcommand,server,6.0.0,no,missing
37736743610,2026-10-08T06:16:53Z,develop,acl|load,subcommand,server,6.0.0,no,missing
37736743610,2026-10-08T06:16:53Z,develop,acl|log,subcommand,server,6.0.0,no,missing
37736743610,2026-10-08T06:16:53Z,develop,acl|save,subcommand,server,6.0.0,no,missing
37736743610,2026-10-08T06:16:53Z,develop,acl|setuser,subcommand,server,6.0.0,no,missing
37736743610,2026-10-08T06:16:53Z,develop,acl|users,subcommand,server,6.0.0,no,missing
37736743610,2026-10-08T06:16:53Z,develop,acl|whoami,subcommand,server,6.0.0,no,missing
37736743610,2026-10-08T06:16:53Z,develop,append,command,string,2.0.0,no,missing
37736743610,2026-10-08T06:16:53Z,develop,arcount,command,array,8.8.0,no,missing
37736743610,2026-10-08T06:16:53Z,develop,ardel,command,array,8.8.0,no,missing
37736743610,2026-10-08T06:16:53Z,develop,ardelrange,command,array,8.8.0,no,missing
37736743610,2026-10-08T06:16:53Z,develop,arget,command,array,8.8.0,no,missing
37736743610,2026-10-08T06:16:53Z,develop,argetrange,command,array,8.8.0,no,missing
37736743610,2026-10-08T06:16:53Z,develop,argrep,command,array,8.8.0,no,missing
37736743610,2026-10-08T06:16:53Z,develop,arinfo,command,array,8.8.0,no,missing
37736743610,2026-10-08T06:16:53Z,develop,arinsert,command,array,8.8.0,no,missing
37736743610,2026-10-08T06:16:53Z,develop,arlastitems,command,array,8.8.0,no,missing
37736743610,2026-10-08T06:16:53Z,develop,arlen,command,array,8.8.0,no,missing
37736743610,2026-10-08T06:16:53Z,develop,armget,command,array,8.8.0,no,missing
37736743610,2026-10-08T06:16:53Z,develop,armset,command,array,8.8.0,no,missing
37736743610,2026-10-08T06:16:53Z,develop,arnext,command,array,8.8.0,no,missing
37736743610,2026-10-08T06:16:53Z,develop,arop,command,array,8.8.0,no,missing
37736743610,2026-10-08T06:16:53Z,develop,arring,command,array,8.8.0,no,missing
37736743610,2026-10-08T06:16:53Z,develop,arscan,command,array,8.8.0,no,missing
37736743610,2026-10-08T06:16:53Z,develop,arseek,command,array,8.8.0,no,missing
37736743610,2026-10-08T06:16:53Z,develop,arset,command,array,8.8.0,no,missing
37736743610,2026-10-08T06:16:53Z,develop,asking,command,cluster,3.0.0,no,missing
37736743610,2026-10-08T06:16:53Z,develop,auth,command,connection,1.0.0,no,present
37736743610,2026-10-08T06:16:53Z,develop,backup,command,server,8.10.0,no,missing
37736743610,2026-10-08T06:16:53Z,develop,backup|abort,subcommand,server,8.10.0,no,missing
37736743610,2026-10-08T06:16:53Z,develop,backup|cleanup,subcommand,server,8.10.0,no,missing
37736743610,2026-10-08T06:16:53Z,develop,backup|help,subcommand,server,8.10.0,no,missing
37736743610,2026-10-08T06:16:53Z,develop,backup|list,subcommand,server,8.10.0,no,missing
37736743610,2026-10-08T06:16:53Z,develop,backup|seal,subcommand,server,8.10.0,no,missing
37736743610,2026-10-08T06:16:53Z,develop,backup|start,subcommand,server,8.10.0,no,missing
37736743610,2026-10-08T06:16:53Z,develop,backup|status,subcommand,server,8.10.0,no,missing
37736743610,2026-10-08T06:16:53Z,develop,bf.add,command,module:bf,1.0.0,no,present
37736743610,2026-10-08T06:16:53Z,develop,bf.card,command,module:bf,2.4.4,no,missing
37736743610,2026-10-08T06:16:53Z,develop,bf.debug,command,module:bf,1.0.0,no,missing
37736743610,2026-10-08T06:16:53Z,develop,bf.exists,command,module:bf,1.0.0,no,present
37736743610,2026-10-08T06:16:53Z,develop,bf.info,command,module:bf,1.0.0,no,present
37736743610,2026-10-08T06:16:53Z,develop,bf.insert,command,module:bf,1.0.0,no,missing
37736743610,2026-10-08T06:16:53Z,develop,bf.loadchunk,command,module:bf,1.0.0,no,missing
37736743610,2026-10-08T06:16:53Z,develop,bf.madd,command,module:bf,1.0.0,no,present
37736743610,2026-10-08T06:16:53Z,develop,bf.mexists,command,module:bf,1.0.0,no,present
37736743610,2026-10-08T06:16:53Z,develop,bf.reserve,command,module:bf,1.0.0,no,present
37736743610,2026-10-08T06:16:53Z,develop,bf.scandump,command,module:bf,1.0.0,no,missing
37736743610,2026-10-08T06:16:53Z,develop,bgrewriteaof,command,server,1.0.0,no,present
37736743610,2026-10-08T06:16:53Z,develop,bgsave,command,server,1.0.0,no,missing
37736743610,2026-10-08T06:16:53Z,develop,bitcount,command,bitmap,2.6.0,no,missing
37736743610,2026-10-08T06:16:53Z,develop,bitfield,command,bitmap,3.2.0,no,missing
37736743610,2026-10-08T06:16:53Z,develop,bitfield_ro,command,bitmap,6.0.0,no,missing
37736743610,2026-10-08T06:16:53Z,develop,bitop,command,bitmap,2.6.0,no,missing
37736743610,2026-10-08T06:16:53Z,develop,bitpos,command,bitmap,2.8.7,no,missing
37736743610,2026-10-08T06:16:53Z,develop,blmove,command,list,6.2.0,no,missing
37736743610,2026-10-08T06:16:53Z,develop,blmovem,command,list,8.10.0,no,missing
37736743610,2026-10-08T06:16:53Z,develop,blmpop,command,list,7.0.0,no,missing
37736743610,2026-10-08T06:16:53Z,develop,blpop,command,list,2.0.0,no,missing
37736743610,2026-10-08T06:16:53Z,develop,brpop,command,list,2.0.0,no,missing
37736743610,2026-10-08T06:16:53Z,develop,brpoplpush,command,list,2.2.0,yes,missing
37736743610,2026-10-08T06:16:53Z,develop,bzmpop,command,sorted-set,7.0.0,no,missing
37736743610,2026-10-08T06:16:53Z,develop,bzpopmax,command,sorted-set,5.0.0,no,missing
37736743610,2026-10-08T06:16:53Z,develop,bzpopmin,command,sorted-set,5.0.0,no,missing
37736743610,2026-10-08T06:16:53Z,develop,cf.add,command,module:bf,1.0.0,no,present
37736743610,2026-10-08T06:16:53Z,develop,cf.addnx,command,module:bf,1.0.0,no,present
37736743610,2026-10-08T06:16:53Z,develop,cf.compact,command,module:bf,,no,missing
37736743610,2026-10-08T06:16:53Z,develop,cf.count,command,module:bf,1.0.0,no,present
37736743610,2026-10-08T06:16:53Z,develop,cf.debug,command,module:bf,1.0.0,no,missing
37736743610,2026-10-08T06:16:53Z,develop,cf.del,command,module:bf,1.0.0,no,present
37736743610,2026-10-08T06:16:53Z,develop,cf.exists,command,module:bf,1.0.0,no,present
37736743610,2026-10-08T06:16:53Z,develop,cf.info,command,module:bf,1.0.0,no,present
37736743610,2026-10-08T06:16:53Z,develop,cf.insert,command,module:bf,1.0.0,no,missing
37736743610,2026-10-08T06:16:53Z,develop,cf.insertnx,command,module:bf,1.0.0,no,missing
37736743610,2026-10-08T06:16:53Z,develop,cf.loadchunk,command,module:bf,1.0.0,no,missing
37736743610,2026-10-08T06:16:53Z,develop,cf.mexists,command,module:bf,1.0.0,no,present
37736743610,2026-10-08T06:16:53Z,develop,cf.reserve,command,module:bf,1.0.0,no,present
37736743610,2026-10-08T06:16:53Z,develop,cf.scandump,command,module:bf,1.0.0,no,missing
37736743610,2026-10-08T06:16:53Z,develop,client,command,connection,2.4.0,no,present
37736743610,2026-10-08T06:16:53Z,develop,client|caching,subcommand,connection,6.0.0,no,missing
37736743610,2026-10-08T06:16:53Z,develop,client|getname,subcommand,connection,2.6.9,no,present
37736743610,2026-10-08T06:16:53Z,develop,client|getredir,subcommand,connection,6.0.0,no,missing
37736743610,2026-10-08T06:16:53Z,develop,client|help,subcommand,connection,5.0.0,no,present
37736743610,2026-10-08T06:16:53Z,develop,client|id,subcommand,connection,5.0.0,no,present
37736743610,2026-10-08T06:16:53Z,develop,client|info,subcommand,connection,6.2.0,no,present
37736743610,2026-10-08T06:16:53Z,develop,client|kill,subcommand,connection,2.4.0,no,missing
37736743610,2026-10-08T06:16:53Z,develop,client|list,subcommand,connection,2.4.0,no,missing
37736743610,2026-10-08T06:16:53Z,develop,client|no-evict,subcommand,connection,7.0.0,no,missing
37736743610,2026-10-08T06:16:53Z,develop,client|no-touch,subcommand,connection,7.2.0,no,missing
37736743610,2026-10-08T06:16:53Z,develop,client|pause,subcommand,connection,3.0.0,no,missing
37736743610,2026-10-08T06:16:53Z,develop,client|reply,subcommand,connection,3.2.0,no,missing
37736743610,2026-10-08T06:16:53Z,develop,client|setinfo,subcommand,connection,7.2.0,no,present
37736743610,2026-10-08T06:16:53Z,develop,client|setname,subcommand,connection,2.6.9,no,present
37736743610,2026-10-08T06:16:53Z,develop,client|tracking,subcommand,connection,6.0.0,no,missing
37736743610,2026-10-08T06:16:53Z,develop,client|trackinginfo,subcommand,connection,6.2.0,no,missing
37736743610,2026-10-08T06:16:53Z,develop,client|unblock,subcommand,connection,5.0.0,no,missing
37736743610,2026-10-08T06:16:53Z,develop,client|unpause,subcommand,connection,6.2.0,no,missing
37736743610,2026-10-08T06:16:53Z,develop,cluster,command,cluster,3.0.0,no,missing
37736743610,2026-10-08T06:16:53Z,develop,cluster|addslots,subcommand,cluster,3.0.0,no,missing
37736743610,2026-10-08T06:16:53Z,develop,cluster|addslotsrange,subcommand,cluster,7.0.0,no,missing
37736743610,2026-10-08T06:16:53Z,develop,cluster|bumpepoch,subcommand,cluster,3.0.0,no,missing
37736743610,2026-10-08T06:16:53Z,develop,cluster|count-failure-reports,subcommand,cluster,3.0.0,no,missing
37736743610,2026-10-08T06:16:53Z,develop,cluster|countkeysinslot,subcommand,cluster,3.0.0,no,missing
37736743610,2026-10-08T06:16:53Z,develop,cluster|delslots,subcommand,cluster,3.0.0,no,missing
37736743610,2026-10-08T06:16:53Z,develop,cluster|delslotsrange,subcommand,cluster,7.0.0,no,missing
37736743610,2026-10-08T06:16:53Z,develop,cluster|failover,subcommand,cluster,3.0.0,no,missing
37736743610,2026-10-08T06:16:53Z,develop,cluster|flushslots,subcommand,cluster,3.0.0,no,missing
37736743610,2026-10-08T06:16:53Z,develop,cluster|forget,subcommand,cluster,3.0.0,no,missing
37736743610,2026-10-08T06:16:53Z,develop,cluster|getkeysinslot,subcommand,cluster,3.0.0,no,missing
37736743610,2026-10-08T06:16:53Z,develop,cluster|help,subcommand,cluster,5.0.0,no,missing
37736743610,2026-10-08T06:16:53Z,develop,cluster|info,subcommand,cluster,3.0.0,no,missing
37736743610,2026-10-08T06:16:53Z,develop,cluster|keyslot,subcommand,cluster,3.0.0,no,missing
37736743610,2026-10-08T06:16:53Z,develop,cluster|links,subcommand,cluster,7.0.0,no,missing
37736743610,2026-10-08T06:16:53Z,develop,cluster|meet,subcommand,cluster,3.0.0,no,missing
37736743610,2026-10-08T06:16:53Z,develop,cluster|migration,subcommand,cluster,8.4.0,no,missing
37736743610,2026-10-08T06:16:53Z,develop,cluster|myid,subcommand,cluster,3.0.0,no,missing
37736743610,2026-10-08T06:16:53Z,develop,cluster|myshardid,subcommand,cluster,7.2.0,no,missing
37736743610,2026-10-08T06:16:53Z,develop,cluster|nodes,subcommand,cluster,3.0.0,no,missing
37736743610,2026-10-08T06:16:53Z,develop,cluster|replicas,subcommand,cluster,5.0.0,no,missing
37736743610,2026-10-08T06:16:53Z,develop,cluster|replicate,subcommand,cluster,3.0.0,no,missing
37736743610,2026-10-08T06:16:53Z,develop,cluster|reset,subcommand,cluster,3.0.0,no,missing
37736743610,2026-10-08T06:16:53Z,develop,cluster|saveconfig,subcommand,cluster,3.0.0,no,missing
37736743610,2026-10-08T06:16:53Z,develop,cluster|set-config-epoch,subcommand,cluster,3.0.0,no,missing
37736743610,2026-10-08T06:16:53Z,develop,cluster|setslot,subcommand,cluster,3.0.0,no,missing
37736743610,2026-10-08T06:16:53Z,develop,cluster|shards,subcommand,cluster,7.0.0,no,missing
37736743610,2026-10-08T06:16:53Z,develop,cluster|slaves,subcommand,cluster,3.0.0,yes,missing
37736743610,2026-10-08T06:16:53Z,develop,cluster|slot-stats,subcommand,cluster,8.2.0,no,missing
37736743610,2026-10-08T06:16:53Z,develop,cluster|slots,subcommand,cluster,3.0.0,yes,missing
37736743610,2026-10-08T06:16:53Z,develop,cluster|syncslots,subcommand,cluster,8.4.0,no,missing
37736743610,2026-10-08T06:16:53Z,develop,cms.incrby,command,module:bf,2.0.0,no,present
37736743610,2026-10-08T06:16:53Z,develop,cms.info,command,module:bf,2.0.0,no,missing
37736743610,2026-10-08T06:16:53Z,develop,cms.initbydim,command,module:bf,2.0.0,no,present
37736743610,2026-10-08T06:16:53Z,develop,cms.initbyprob,command,module:bf,2.0.0,no,present
37736743610,2026-10-08T06:16:53Z,develop,cms.merge,command,module:bf,2.0.0,no,missing
37736743610,2026-10-08T06:16:53Z,develop,cms.query,command,module:bf,2.0.0,no,present
37736743610,2026-10-08T06:16:53Z,develop,command,command,server,2.8.13,no,missing
37736743610,2026-10-08T06:16:53Z,develop,command|count,subcommand,server,2.8.13,no,missing
37736743610,2026-10-08T06:16:53Z,develop,command|docs,subcommand,server,7.0.0,no,missing
37736743610,2026-10-08T06:16:53Z,develop,command|getkeys,subcommand,server,2.8.13,no,missing
37736743610,2026-10-08T06:16:53Z,develop,command|getkeysandflags,subcommand,server,7.0.0,no,missing
37736743610,2026-10-08T06:16:53Z,develop,command|help,subcommand,server,5.0.0,no,missing
37736743610,2026-10-08T06:16:53Z,develop,command|info,subcommand,server,2.8.13,no,missing
37736743610,2026-10-08T06:16:53Z,develop,command|list,subcommand,server,7.0.0,no,missing
37736743610,2026-10-08T06:16:53Z,develop,config,command,server,2.0.0,no,missing
37736743610,2026-10-08T06:16:53Z,develop,config|get,subcommand,server,2.0.0,no,missing
37736743610,2026-10-08T06:16:53Z,develop,config|help,subcommand,server,5.0.0,no,missing
37736743610,2026-10-08T06:16:53Z,develop,config|resetstat,subcommand,server,2.0.0,no,missing
37736743610,2026-10-08T06:16:53Z,develop,config|rewrite,subcommand,server,2.8.0,no,missing
37736743610,2026-10-08T06:16:53Z,develop,config|set,subcommand,server,2.0.0,no,missing
37736743610,2026-10-08T06:16:53Z,develop,copy,command,generic,6.2.0,no,missing
37736743610,2026-10-08T06:16:53Z,develop,dbsize,command,server,1.0.0,no,present
37736743610,2026-10-08T06:16:53Z,develop,debug,command,server,1.0.0,no,missing
37736743610,2026-10-08T06:16:53Z,develop,decr,command,string,1.0.0,no,present
37736743610,2026-10-08T06:16:53Z,develop,decrby,command,string,1.0.0,no,present
37736743610,2026-10-08T06:16:53Z,develop,del,command,generic,1.0.0,no,present
37736743610,2026-10-08T06:16:53Z,develop,delex,command,string,8.4.0,no,missing
37736743610,2026-10-08T06:16:53Z,develop,digest,command,string,8.4.0,no,missing
37736743610,2026-10-08T06:16:53Z,develop,discard,command,transactions,2.0.0,no,present
37736743610,2026-10-08T06:16:53Z,develop,dump,command,generic,2.6.0,no,missing
37736743610,2026-10-08T06:16:53Z,develop,echo,command,connection,1.0.0,no,present
37736743610,2026-10-08T06:16:53Z,develop,eval,command,scripting,2.6.0,no,missing
37736743610,2026-10-08T06:16:53Z,develop,eval_ro,command,scripting,7.0.0,no,missing
37736743610,2026-10-08T06:16:53Z,develop,evalsha,command,scripting,2.6.0,no,missing
37736743610,2026-10-08T06:16:53Z,develop,evalsha_ro,command,scripting,7.0.0,no,missing
37736743610,2026-10-08T06:16:53Z,develop,exec,command,transactions,1.2.0,no,present
37736743610,2026-10-08T06:16:53Z,develop,exists,command,generic,1.0.0,no,present
37736743610,2026-10-08T06:16:53Z,develop,expire,command,generic,1.0.0,no,present
37736743610,2026-10-08T06:16:53Z,develop,expireat,command,generic,1.2.0,no,present
37736743610,2026-10-08T06:16:53Z,develop,expiretime,command,generic,7.0.0,no,missing
37736743610,2026-10-08T06:16:53Z,develop,failover,command,server,6.2.0,no,missing
37736743610,2026-10-08T06:16:53Z,develop,fcall,command,scripting,7.0.0,no,missing
37736743610,2026-10-08T06:16:53Z,develop,fcall_ro,command,scripting,7.0.0,no,missing
37736743610,2026-10-08T06:16:53Z,develop,flushall,command,server,1.0.0,no,missing
37736743610,2026-10-08T06:16:53Z,develop,flushdb,command,server,1.0.0,no,present
37736743610,2026-10-08T06:16:53Z,develop,function,command,scripting,7.0.0,no,missing
37736743610,2026-10-08T06:16:53Z,develop,function|delete,subcommand,scripting,7.0.0,no,missing
37736743610,2026-10-08T06:16:53Z,develop,function|dump,subcommand,scripting,7.0.0,no,missing
37736743610,2026-10-08T06:16:53Z,develop,function|flush,subcommand,scripting,7.0.0,no,missing
37736743610,2026-10-08T06:16:53Z,develop,function|help,subcommand,scripting,7.0.0,no,missing
37736743610,2026-10-08T06:16:53Z,develop,function|kill,subcommand,scripting,7.0.0,no,missing
37736743610,2026-10-08T06:16:53Z,develop,function|list,subcommand,scripting,7.0.0,no,missing
37736743610,2026-10-08T06:16:53Z,develop,function|load,subcommand,scripting,7.0.0,no,missing
37736743610,2026-10-08T06:16:53Z,develop,function|restore,subcommand,scripting,7.0.0,no,missing
37736743610,2026-10-08T06:16:53Z,develop,function|stats,subcommand,scripting,7.0.0,no,missing
37736743610,2026-10-08T06:16:53Z,develop,geoadd,command,geo,3.2.0,no,present
37736743610,2026-10-08T06:16:53Z,develop,geodist,command,geo,3.2.0,no,present
37736743610,2026-10-08T06:16:53Z,develop,geohash,command,geo,3.2.0,no,present
37736743610,2026-10-08T06:16:53Z,develop,geopos,command,geo,3.2.0,no,present
37736743610,2026-10-08T06:16:53Z,develop,georadius,command,geo,3.2.0,yes,missing
37736743610,2026-10-08T06:16:53Z,develop,georadius_ro,command,geo,3.2.10,yes,missing
37736743610,2026-10-08T06:16:53Z,develop,georadiusbymember,command,geo,3.2.0,yes,missing
37736743610,2026-10-08T06:16:53Z,develop,georadiusbymember_ro,command,geo,3.2.10,yes,missing
37736743610,2026-10-08T06:16:53Z,develop,geosearch,command,geo,6.2.0,no,present
37736743610,2026-10-08T06:16:53Z,develop,geosearchstore,command,geo,6.2.0,no,missing
37736743610,2026-10-08T06:16:53Z,develop,get,command,string,1.0.0,no,present
37736743610,2026-10-08T06:16:53Z,develop,getbit,command,bitmap,2.2.0,no,missing
37736743610,2026-10-08T06:16:53Z,develop,getdel,command,string,6.2.0,no,missing
37736743610,2026-10-08T06:16:53Z,develop,getex,command,string,6.2.0,no,missing
37736743610,2026-10-08T06:16:53Z,develop,getrange,command,string,2.4.0,no,missing
37736743610,2026-10-08T06:16:53Z,develop,getset,command,string,1.0.0,yes,missing
37736743610,2026-10-08T06:16:53Z,develop,hdel,command,hash,2.0.0,no,present
37736743610,2026-10-08T06:16:53Z,develop,hello,command,connection,6.0.0,no,present
37736743610,2026-10-08T06:16:53Z,develop,hexists,command,hash,2.0.0,no,present
37736743610,2026-10-08T06:16:53Z,develop,hexpire,command,hash,7.4.0,no,missing
37736743610,2026-10-08T06:16:53Z,develop,hexpireat,command,hash,7.4.0,no,missing
37736743610,2026-10-08T06:16:53Z,develop,hexpiretime,command,hash,7.4.0,no,missing
37736743610,2026-10-08T06:16:53Z,develop,hget,command,hash,2.0.0,no,present
37736743610,2026-10-08T06:16:53Z,develop,hgetall,command,hash,2.0.0,no,present
37736743610,2026-10-08T06:16:53Z,develop,hgetdel,command,hash,8.0.0,no,missing
37736743610,2026-10-08T06:16:53Z,develop,hgetex,command,hash,8.0.0,no,missing
37736743610,2026-10-08T06:16:53Z,develop,himport,command,hash,8.10.0,no,missing
37736743610,2026-10-08T06:16:53Z,develop,himport|discard,subcommand,hash,8.10.0,no,missing
37736743610,2026-10-08T06:16:53Z,develop,himport|discardall,subcommand,hash,8.10.0,no,missing
37736743610,2026-10-08T06:16:53Z,develop,himport|prepare,subcommand,hash,8.10.0,no,missing
37736743610,2026-10-08T06:16:53Z,develop,himport|set,subcommand,hash,8.10.0,no,missing
37736743610,2026-10-08T06:16:53Z,develop,hincrby,command,hash,2.0.0,no,present
37736743610,2026-10-08T06:16:53Z,develop,hincrbyfloat,command,hash,2.6.0,no,missing
37736743610,2026-10-08T06:16:53Z,develop,hkeys,command,hash,2.0.0,no,present
37736743610,2026-10-08T06:16:53Z,develop,hlen,command,hash,2.0.0,no,present
37736743610,2026-10-08T06:16:53Z,develop,hmget,command,hash,2.0.0,no,present
37736743610,2026-10-08T06:16:53Z,develop,hmset,command,hash,2.0.0,yes,missing
37736743610,2026-10-08T06:16:53Z,develop,hotkeys,command,server,8.6.0,no,missing
37736743610,2026-10-08T06:16:53Z,develop,hotkeys|get,subcommand,server,8.6.0,no,missing
37736743610,2026-10-08T06:16:53Z,develop,hotkeys|help,subcommand,server,8.6.1,no,missing
37736743610,2026-10-08T06:16:53Z,develop,hotkeys|reset,subcommand,server,8.6.0,no,missing
37736743610,2026-10-08T06:16:53Z,develop,hotkeys|start,subcommand,server,8.6.0,no,missing
37736743610,2026-10-08T06:16:53Z,develop,hotkeys|stop,subcommand,server,8.6.0,no,missing
37736743610,2026-10-08T06:16:53Z,develop,hpersist,command,hash,7.4.0,no,missing
37736743610,2026-10-08T06:16:53Z,develop,hpexpire,command,hash,7.4.0,no,missing
37736743610,2026-10-08T06:16:53Z,develop,hpexpireat,command,hash,7.4.0,no,missing
37736743610,2026-10-08T06:16:53Z,develop,hpexpiretime,command,hash,7.4.0,no,missing
37736743610,2026-10-08T06:16:53Z,develop,hpttl,command,hash,7.4.0,no,missing
37736743610,2026-10-08T06:16:53Z,develop,hrandfield,command,hash,6.2.0,no,missing
37736743610,2026-10-08T06:16:53Z,develop,hscan,command,hash,2.8.0,no,missing
37736743610,2026-10-08T06:16:53Z,develop,hset,command,hash,2.0.0,no,present
37736743610,2026-10-08T06:16:53Z,develop,hsetex,command,hash,8.0.0,no,missing
37736743610,2026-10-08T06:16:53Z,develop,hsetnx,command,hash,2.0.0,no,present
37736743610,2026-10-08T06:16:53Z,develop,hstrlen,command,hash,3.2.0,no,missing
37736743610,2026-10-08T06:16:53Z,develop,httl,command,hash,7.4.0,no,missing
37736743610,2026-10-08T06:16:53Z,develop,hvals,command,hash,2.0.0,no,present
37736743610,2026-10-08T06:16:53Z,develop,incr,command,string,1.0.0,no,present
37736743610,2026-10-08T06:16:53Z,develop,incrby,command,string,1.0.0,no,present
37736743610,2026-10-08T06:16:53Z,develop,incrbyfloat,command,string,2.6.0,no,missing
37736743610,2026-10-08T06:16:53Z,develop,increx,command,string,8.8.0,no,missing
37736743610,2026-10-08T06:16:53Z,develop,info,command,server,1.0.0,no,present
37736743610,2026-10-08T06:16:53Z,develop,json.arrappend,command,module:ReJSON,1.0.0,no,missing
37736743610,2026-10-08T06:16:53Z,develop,json.arrindex,command,module:ReJSON,1.0.0,no,missing
37736743610,2026-10-08T06:16:53Z,develop,json.arrinsert,command,module:ReJSON,1.0.0,no,missing
37736743610,2026-10-08T06:16:53Z,develop,json.arrlen,command,module:ReJSON,1.0.0,no,missing
37736743610,2026-10-08T06:16:53Z,develop,json.arrpop,command,module:ReJSON,1.0.0,no,missing
37736743610,2026-10-08T06:16:53Z,develop,json.arrtrim,command,module:ReJSON,1.0.0,no,missing
37736743610,2026-10-08T06:16:53Z,develop,json.clear,command,module:ReJSON,2.0.0,no,missing
37736743610,2026-10-08T06:16:53Z,develop,json.debug,command,module:ReJSON,1.0.0,no,missing
37736743610,2026-10-08T06:16:53Z,develop,json.del,command,module:ReJSON,1.0.0,no,missing
37736743610,2026-10-08T06:16:53Z,develop,json.forget,command,module:ReJSON,1.0.0,no,missing
37736743610,2026-10-08T06:16:53Z,develop,json.get,command,module:ReJSON,1.0.0,no,missing
37736743610,2026-10-08T06:16:53Z,develop,json.merge,command,module:ReJSON,2.6.0,no,missing
37736743610,2026-10-08T06:16:53Z,develop,json.mget,command,module:ReJSON,1.0.0,no,missing
37736743610,2026-10-08T06:16:53Z,develop,json.mset,command,module:ReJSON,2.6.0,no,missing
37736743610,2026-10-08T06:16:53Z,develop,json.numincrby,command,module:ReJSON,1.0.0,no,missing
37736743610,2026-10-08T06:16:53Z,develop,json.nummultby,command,module:ReJSON,1.0.0,no,missing
37736743610,2026-10-08T06:16:53Z,develop,json.numpowby,command,module:ReJSON,1.0.0,no,missing
37736743610,2026-10-08T06:16:53Z,develop,json.objkeys,command,module:ReJSON,1.0.0,no,missing
37736743610,2026-10-08T06:16:53Z,develop,json.objlen,command,module:ReJSON,1.0.0,no,missing
37736743610,2026-10-08T06:16:53Z,develop,json.resp,command,module:ReJSON,1.0.0,no,missing
37736743610,2026-10-08T06:16:53Z,develop,json.set,command,module:ReJSON,1.0.0,no,missing
37736743610,2026-10-08T06:16:53Z,develop,json.strappend,command,module:ReJSON,1.0.0,no,missing
37736743610,2026-10-08T06:16:53Z,develop,json.strlen,command,module:ReJSON,1.0.0,no,missing
37736743610,2026-10-08T06:16:53Z,develop,json.toggle,command,module:ReJSON,2.0.0,no,missing
37736743610,2026-10-08T06:16:53Z,develop,json.type,command,module:ReJSON,1.0.0,no,missing
37736743610,2026-10-08T06:16:53Z,develop,keys,command,generic,1.0.0,no,present
37736743610,2026-10-08T06:16:53Z,develop,lastsave,command,server,1.0.0,no,missing
37736743610,2026-10-08T06:16:53Z,develop,latency,command,server,2.8.13,no,missing
37736743610,2026-10-08T06:16:53Z,develop,latency|doctor,subcommand,server,2.8.13,no,missing
37736743610,2026-10-08T06:16:53Z,develop,latency|graph,subcommand,server,2.8.13,no,missing
37736743610,2026-10-08T06:16:53Z,develop,latency|help,subcommand,server,2.8.13,no,missing
37736743610,2026-10-08T06:16:53Z,develop,latency|histogram,subcommand,server,7.0.0,no,missing
37736743610,2026-10-08T06:16:53Z,develop,latency|history,subcommand,server,2.8.13,no,missing
37736743610,2026-10-08T06:16:53Z,develop,latency|latest,subcommand,server,2.8.13,no,missing
37736743610,2026-10-08T06:16:53Z,develop,latency|reset,subcommand,server,2.8.13,no,missing
37736743610,2026-10-08T06:16:53Z,develop,lcs,command,string,7.0.0,no,present
37736743610,2026-10-08T06:16:53Z,develop,lindex,command,list,1.0.0,no,present
37736743610,2026-10-08T06:16:53Z,develop,linsert,command,list,2.2.0,no,missing
37736743610,2026-10-08T06:16:53Z,develop,llen,command,list,1.0.0,no,present
37736743610,2026-10-08T06:16:53Z,develop,lmove,command,list,6.2.0,no,missing
37736743610,2026-10-08T06:16:53Z,develop,lmovem,command,list,8.10.0,no,missing
37736743610,2026-10-08T06:16:53Z,develop,lmpop,command,list,7.0.0,no,missing
37736743610,2026-10-08T06:16:53Z,develop,lolwut,command,server,5.0.0,no,missing
37736743610,2026-10-08T06:16:53Z,develop,lpop,command,list,1.0.0,no,present
37736743610,2026-10-08T06:16:53Z,develop,lpos,command,list,6.0.6,no,missing
37736743610,2026-10-08T06:16:53Z,develop,lpush,command,list,1.0.0,no,present
37736743610,2026-10-08T06:16:53Z,develop,lpushx,command,list,2.2.0,no,missing
37736743610,2026-10-08T06:16:53Z,develop,lrange,command,list,1.0.0,no,present
37736743610,2026-10-08T06:16:53Z,develop,lrem,command,list,1.0.0,no,missing
37736743610,2026-10-08T06:16:53Z,develop,lset,command,list,1.0.0,no,present
37736743610,2026-10-08T06:16:53Z,develop,ltrim,command,list,1.0.0,no,present
37736743610,2026-10-08T06:16:53Z,develop,memory,command,server,4.0.0,no,present
37736743610,2026-10-08T06:16:53Z,develop,memory|doctor,subcommand,server,4.0.0,no,missing
37736743610,2026-10-08T06:16:53Z,develop,memory|help,subcommand,server,4.0.0,no,present
37736743610,2026-10-08T06:16:53Z,develop,memory|malloc-stats,subcommand,server,4.0.0,no,missing
37736743610,2026-10-08T06:16:53Z,develop,memory|purge,subcommand,server,4.0.0,no,missing
37736743610,2026-10-08T06:16:53Z,develop,memory|stats,subcommand,server,4.0.0,no,present
37736743610,2026-10-08T06:16:53Z,develop,memory|usage,subcommand,server,4.0.0,no,present
37736743610,2026-10-08T06:16:53Z,develop,mget,command,string,1.0.0,no,present
37736743610,2026-10-08T06:16:53Z,develop,migrate,command,generic,2.6.0,no,missing
37736743610,2026-10-08T06:16:53Z,develop,module,command,server,4.0.0,no,missing
37736743610,2026-10-08T06:16:53Z,develop,module|help,subcommand,server,5.0.0,no,missing
37736743610,2026-10-08T06:16:53Z,develop,module|list,subcommand,server,4.0.0,no,missing
37736743610,2026-10-08T06:16:53Z,develop,module|load,subcommand,server,4.0.0,no,missing
37736743610,2026-10-08T06:16:53Z,develop,module|loadex,subcommand,server,7.0.0,no,missing
37736743610,2026-10-08T06:16:53Z,develop,module|unload,subcommand,server,4.0.0,no,missing
37736743610,2026-10-08T06:16:53Z,develop,monitor,command,server,1.0.0,no,missing
37736743610,2026-10-08T06:16:53Z,develop,move,command,generic,1.0.0,no,missing
37736743610,2026-10-08T06:16:53Z,develop,mset,command,string,1.0.1,no,present
37736743610,2026-10-08T06:16:53Z,develop,msetex,command,string,8.4.0,no,missing
37736743610,2026-10-08T06:16:53Z,develop,msetnx,command,string,1.0.1,no,missing
37736743610,2026-10-08T06:16:53Z,develop,multi,command,transactions,1.2.0,no,present
37736743610,2026-10-08T06:16:53Z,develop,object,command,generic,2.2.3,no,missing
37736743610,2026-10-08T06:16:53Z,develop,object|encoding,subcommand,generic,2.2.3,no,missing
37736743610,2026-10-08T06:16:53Z,develop,object|freq,subcommand,generic,4.0.0,no,missing
37736743610,2026-10-08T06:16:53Z,develop,object|help,subcommand,generic,6.2.0,no,missing
37736743610,2026-10-08T06:16:53Z,develop,object|idletime,subcommand,generic,2.2.3,no,missing
37736743610,2026-10-08T06:16:53Z,develop,object|refcount,subcommand,generic,2.2.3,no,missing
37736743610,2026-10-08T06:16:53Z,develop,persist,command,generic,2.2.0,no,present
37736743610,2026-10-08T06:16:53Z,develop,pexpire,command,generic,2.6.0,no,present
37736743610,2026-10-08T06:16:53Z,develop,pexpireat,command,generic,2.6.0,no,present
37736743610,2026-10-08T06:16:53Z,develop,pexpiretime,command,generic,7.0.0,no,missing
37736743610,2026-10-08T06:16:53Z,develop,pfadd,command,hyperloglog,2.8.9,no,present
37736743610,2026-10-08T06:16:53Z,develop,pfcount,command,hyperloglog,2.8.9,no,present
37736743610,2026-10-08T06:16:53Z,develop,pfdebug,command,hyperloglog,2.8.9,no,missing
37736743610,2026-10-08T06:16:53Z,develop,pfmerge,command,hyperloglog,2.8.9,no,present
37736743610,2026-10-08T06:16:53Z,develop,pfselftest,command,hyperloglog,2.8.9,no,missing
37736743610,2026-10-08T06:16:53Z,develop,ping,command,connection,1.0.0,no,present
37736743610,2026-10-08T06:16:53Z,develop,psetex,command,string,2.6.0,yes,present
37736743610,2026-10-08T06:16:53Z,develop,psubscribe,command,pubsub,2.0.0,no,missing
37736743610,2026-10-08T06:16:53Z,develop,psync,command,server,2.8.0,no,missing
37736743610,2026-10-08T06:16:53Z,develop,pttl,command,generic,2.6.0,no,present
37736743610,2026-10-08T06:16:53Z,develop,publish,command,pubsub,2.0.0,no,missing
37736743610,2026-10-08T06:16:53Z,develop,pubsub,command,pubsub,2.8.0,no,missing
37736743610,2026-10-08T06:16:53Z,develop,pubsub|channels,subcommand,pubsub,2.8.0,no,missing
37736743610,2026-10-08T06:16:53Z,develop,pubsub|help,subcommand,pubsub,6.2.0,no,missing
37736743610,2026-10-08T06:16:53Z,develop,pubsub|numpat,subcommand,pubsub,2.8.0,no,missing
37736743610,2026-10-08T06:16:53Z,develop,pubsub|numsub,subcommand,pubsub,2.8.0,no,missing
37736743610,2026-10-08T06:16:53Z,develop,pubsub|shardchannels,subcommand,pubsub,7.0.0,no,missing
37736743610,2026-10-08T06:16:53Z,develop,pubsub|shardnumsub,subcommand,pubsub,7.0.0,no,missing
37736743610,2026-10-08T06:16:53Z,develop,punsubscribe,command,pubsub,2.0.0,no,missing
37736743610,2026-10-08T06:16:53Z,develop,quit,command,connection,1.0.0,yes,present
37736743610,2026-10-08T06:16:53Z,develop,randomkey,command,generic,1.0.0,no,missing
37736743610,2026-10-08T06:16:53Z,develop,readonly,command,cluster,3.0.0,no,missing
37736743610,2026-10-08T06:16:53Z,develop,readwrite,command,cluster,3.0.0,no,missing
37736743610,2026-10-08T06:16:53Z,develop,rename,command,generic,1.0.0,no,missing
37736743610,2026-10-08T06:16:53Z,develop,renamenx,command,generic,1.0.0,no,missing
37736743610,2026-10-08T06:16:53Z,develop,replconf,command,server,3.0.0,no,missing
37736743610,2026-10-08T06:16:53Z,develop,replicaof,command,server,5.0.0,no,missing
37736743610,2026-10-08T06:16:53Z,develop,reset,command,connection,6.2.0,no,missing
37736743610,2026-10-08T06:16:53Z,develop,restore,command,generic,2.6.0,no,missing
37736743610,2026-10-08T06:16:53Z,develop,restore-asking,command,server,3.0.0,no,missing
37736743610,2026-10-08T06:16:53Z,develop,role,command,server,2.8.12,no,missing
37736743610,2026-10-08T06:16:53Z,develop,rpop,command,list,1.0.0,no,present
37736743610,2026-10-08T06:16:53Z,develop,rpoplpush,command,list,1.2.0,yes,missing
37736743610,2026-10-08T06:16:53Z,develop,rpush,command,list,1.0.0,no,present
37736743610,2026-10-08T06:16:53Z,develop,rpushx,command,list,2.2.0,no,missing
37736743610,2026-10-08T06:16:53Z,develop,sadd,command,set,1.0.0,no,present
37736743610,2026-10-08T06:16:53Z,develop,save,command,server,1.0.0,no,missing
37736743610,2026-10-08T06:16:53Z,develop,scan,command,generic,2.8.0,no,present
37736743610,2026-10-08T06:16:53Z,develop,scard,command,set,1.0.0,no,present
37736743610,2026-10-08T06:16:53Z,develop,script,command,scripting,2.6.0,no,missing
37736743610,2026-10-08T06:16:53Z,develop,script|debug,subcommand,scripting,3.2.0,no,missing
37736743610,2026-10-08T06:16:53Z,develop,script|exists,subcommand,scripting,2.6.0,no,missing
37736743610,2026-10-08T06:16:53Z,develop,script|flush,subcommand,scripting,2.6.0,no,missing
37736743610,2026-10-08T06:16:53Z,develop,script|help,subcommand,scripting,5.0.0,no,missing
37736743610,2026-10-08T06:16:53Z,develop,script|kill,subcommand,scripting,2.6.0,no,missing
37736743610,2026-10-08T06:16:53Z,develop,script|load,subcommand,scripting,2.6.0,no,missing
37736743610,2026-10-08T06:16:53Z,develop,sdiff,command,set,1.0.0,no,missing
37736743610,2026-10-08T06:16:53Z,develop,sdiffcard,command,set,8.10.0,no,missing
37736743610,2026-10-08T06:16:53Z,develop,sdiffstore,command,set,1.0.0,no,missing
37736743610,2026-10-08T06:16:53Z,develop,select,command,connection,1.0.0,no,present
37736743610,2026-10-08T06:16:53Z,develop,set,command,string,1.0.0,no,present
37736743610,2026-10-08T06:16:53Z,develop,setbit,command,bitmap,2.2.0,no,missing
37736743610,2026-10-08T06:16:53Z,develop,setex,command,string,2.0.0,yes,present
37736743610,2026-10-08T06:16:53Z,develop,setnx,command,string,1.0.0,yes,present
37736743610,2026-10-08T06:16:53Z,develop,setrange,command,string,2.2.0,no,missing
37736743610,2026-10-08T06:16:53Z,develop,sinter,command,set,1.0.0,no,missing
37736743610,2026-10-08T06:16:53Z,develop,sintercard,command,set,7.0.0,no,missing
37736743610,2026-10-08T06:16:53Z,develop,sinterstore,command,set,1.0.0,no,missing
37736743610,2026-10-08T06:16:53Z,develop,sismember,command,set,1.0.0,no,present
37736743610,2026-10-08T06:16:53Z,develop,slaveof,command,server,1.0.0,yes,missing
37736743610,2026-10-08T06:16:53Z,develop,slowlog,command,server,2.2.12,no,missing
37736743610,2026-10-08T06:16:53Z,develop,slowlog|get,subcommand,server,2.2.12,no,missing
37736743610,2026-10-08T06:16:53Z,develop,slowlog|help,subcommand,server,6.2.0,no,missing
37736743610,2026-10-08T06:16:53Z,develop,slowlog|len,subcommand,server,2.2.12,no,missing
37736743610,2026-10-08T06:16:53Z,develop,slowlog|reset,subcommand,server,2.2.12,no,missing
37736743610,2026-10-08T06:16:53Z,develop,smembers,command,set,1.0.0,no,present
37736743610,2026-10-08T06:16:53Z,develop,smismember,command,set,6.2.0,no,present
37736743610,2026-10-08T06:16:53Z,develop,smove,command,set,1.0.0,no,missing
37736743610,2026-10-08T06:16:53Z,develop,sort,command,generic,1.0.0,no,missing
37736743610,2026-10-08T06:16:53Z,develop,sort_ro,command,generic,7.0.0,no,missing
37736743610,2026-10-08T06:16:53Z,develop,spop,command,set,1.0.0,no,present
37736743610,2026-10-08T06:16:53Z,develop,spublish,command,pubsub,7.0.0,no,missing
37736743610,2026-10-08T06:16:53Z,develop,srandmember,command,set,1.0.0,no,present
37736743610,2026-10-08T06:16:53Z,develop,srem,command,set,1.0.0,no,present
37736743610,2026-10-08T06:16:53Z,develop,sscan,command,set,2.8.0,no,missing
37736743610,2026-10-08T06:16:53Z,develop,ssubscribe,command,pubsub,7.0.0,no,missing
37736743610,2026-10-08T06:16:53Z,develop,strlen,command,string,2.2.0,no,missing
37736743610,2026-10-08T06:16:53Z,develop,subscribe,command,pubsub,2.0.0,no,missing
37736743610,2026-10-08T06:16:53Z,develop,substr,command,string,1.0.0,yes,missing
37736743610,2026-10-08T06:16:53Z,develop,sunion,command,set,1.0.0,no,missing
37736743610,2026-10-08T06:16:53Z,develop,sunioncard,command,set,8.10.0,no,missing
37736743610,2026-10-08T06:16:53Z,develop,sunionstore,command,set,1.0.0,no,missing
37736743610,2026-10-08T06:16:53Z,develop,sunsubscribe,command,pubsub,7.0.0,no,missing
37736743610,2026-10-08T06:16:53Z,develop,swapdb,command,server,4.0.0,no,missing
37736743610,2026-10-08T06:16:53Z,develop,sync,command,server,1.0.0,no,missing
37736743610,2026-10-08T06:16:53Z,develop,tdigest.add,command,module:bf,2.4.0,no,missing
37736743610,2026-10-08T06:16:53Z,develop,tdigest.byrank,command,module:bf,2.4.0,no,missing
37736743610,2026-10-08T06:16:53Z,develop,tdigest.byrevrank,command,module:bf,2.4.0,no,missing
37736743610,2026-10-08T06:16:53Z,develop,tdigest.cdf,command,module:bf,2.4.0,no,missing
37736743610,2026-10-08T06:16:53Z,develop,tdigest.create,command,module:bf,2.4.0,no,missing
37736743610,2026-10-08T06:16:53Z,develop,tdigest.info,command,module:bf,2.4.0,no,missing
37736743610,2026-10-08T06:16:53Z,develop,tdigest.max,command,module:bf,2.4.0,no,missing
37736743610,2026-10-08T06:16:53Z,develop,tdigest.merge,command,module:bf,2.4.0,no,missing
37736743610,2026-10-08T06:16:53Z,develop,tdigest.min,command,module:bf,2.4.0,no,missing
37736743610,2026-10-08T06:16:53Z,develop,tdigest.quantile,command,module:bf,2.4.0,no,missing
37736743610,2026-10-08T06:16:53Z,develop,tdigest.rank,command,module:bf,2.4.0,no,missing
37736743610,2026-10-08T06:16:53Z,develop,tdigest.reset,command,module:bf,2.4.0,no,missing
37736743610,2026-10-08T06:16:53Z,develop,tdigest.revrank,command,module:bf,2.4.0,no,missing
37736743610,2026-10-08T06:16:53Z,develop,tdigest.trimmed_mean,command,module:bf,2.4.0,no,missing
37736743610,2026-10-08T06:16:53Z,develop,time,command,server,2.6.0,no,missing
37736743610,2026-10-08T06:16:53Z,develop,timeseries.clusterset,command,module:timeseries,,no,missing
37736743610,2026-10-08T06:16:53Z,develop,timeseries.refreshcluster,command,module:timeseries,,no,missing
37736743610,2026-10-08T06:16:53Z,develop,topk.add,command,module:bf,2.0.0,no,missing
37736743610,2026-10-08T06:16:53Z,develop,topk.count,command,module:bf,2.0.0,no,missing
37736743610,2026-10-08T06:16:53Z,develop,topk.incrby,command,module:bf,2.0.0,no,missing
37736743610,2026-10-08T06:16:53Z,develop,topk.info,command,module:bf,2.0.0,no,missing
37736743610,2026-10-08T06:16:53Z,develop,topk.list,command,module:bf,2.0.0,no,missing
37736743610,2026-10-08T06:16:53Z,develop,topk.query,command,module:bf,2.0.0,no,missing
37736743610,2026-10-08T06:16:53Z,develop,topk.reserve,command,module:bf,2.0.0,no,missing
37736743610,2026-10-08T06:16:53Z,develop,touch,command,generic,3.2.1,no,missing
37736743610,2026-10-08T06:16:53Z,develop,trimslots,command,server,8.4.0,no,missing
37736743610,2026-10-08T06:16:53Z,develop,ts.add,command,module:timeseries,1.0.0,no,missing
37736743610,2026-10-08T06:16:53Z,develop,ts.alter,command,module:timeseries,1.0.0,no,missing
37736743610,2026-10-08T06:16:53Z,develop,ts.create,command,module:timeseries,1.0.0,no,missing
37736743610,2026-10-08T06:16:53Z,develop,ts.createrule,command,module:timeseries,1.0.0,no,missing
37736743610,2026-10-08T06:16:53Z,develop,ts.decrby,command,module:timeseries,1.0.0,no,missing
37736743610,2026-10-08T06:16:53Z,develop,ts.del,command,module:timeseries,1.6.0,no,missing
37736743610,2026-10-08T06:16:53Z,develop,ts.deleterule,command,module:timeseries,1.0.0,no,missing
37736743610,2026-10-08T06:16:53Z,develop,ts.get,command,module:timeseries,1.0.0,no,missing
37736743610,2026-10-08T06:16:53Z,develop,ts.incrby,command,module:timeseries,1.0.0,no,missing
37736743610,2026-10-08T06:16:53Z,develop,ts.info,command,module:timeseries,1.0.0,no,missing
37736743610,2026-10-08T06:16:53Z,develop,ts.madd,command,module:timeseries,1.0.0,no,missing
37736743610,2026-10-08T06:16:53Z,develop,ts.mget,command,module:timeseries,1.0.0,no,missing
37736743610,2026-10-08T06:16:53Z,develop,ts.mrange,command,module:timeseries,1.0.0,no,missing
37736743610,2026-10-08T06:16:53Z,develop,ts.mrevrange,command,module:timeseries,1.4.0,no,missing
37736743610,2026-10-08T06:16:53Z,develop,ts.nrange,command,module:timeseries,8.10.0,no,missing
37736743610,2026-10-08T06:16:53Z,develop,ts.nrevrange,command,module:timeseries,8.10.0,no,missing
37736743610,2026-10-08T06:16:53Z,develop,ts.queryindex,command,module:timeseries,1.0.0,no,missing
37736743610,2026-10-08T06:16:53Z,develop,ts.querylabels,command,module:timeseries,8.10.0,no,missing
37736743610,2026-10-08T06:16:53Z,develop,ts.range,command,module:timeseries,1.0.0,no,missing
37736743610,2026-10-08T06:16:53Z,develop,ts.read,command,module:timeseries,8.10.0,no,missing
37736743610,2026-10-08T06:16:53Z,develop,ts.revrange,command,module:timeseries,1.4.0,no,missing
37736743610,2026-10-08T06:16:53Z,develop,ttl,command,generic,1.0.0,no,present
37736743610,2026-10-08T06:16:53Z,develop,type,command,generic,1.0.0,no,present
37736743610,2026-10-08T06:16:53Z,develop,unlink,command,generic,4.0.0,no,present
37736743610,2026-10-08T06:16:53Z,develop,unsubscribe,command,pubsub,2.0.0,no,missing
37736743610,2026-10-08T06:16:53Z,develop,unwatch,command,transactions,2.2.0,no,present
37736743610,2026-10-08T06:16:53Z,develop,vadd,command,module:vectorset,8.0.0,no,missing
37736743610,2026-10-08T06:16:53Z,develop,vcard,command,module:vectorset,8.0.0,no,missing
37736743610,2026-10-08T06:16:53Z,develop,vdim,command,module:vectorset,8.0.0,no,missing
37736743610,2026-10-08T06:16:53Z,develop,vemb,command,module:vectorset,8.0.0,no,missing
37736743610,2026-10-08T06:16:53Z,develop,vgetattr,command,module:vectorset,8.0.0,no,missing
37736743610,2026-10-08T06:16:53Z,develop,vinfo,command,module:vectorset,8.0.0,no,missing
37736743610,2026-10-08T06:16:53Z,develop,vismember,command,module:vectorset,8.2.0,no,missing
37736743610,2026-10-08T06:16:53Z,develop,vlinks,command,module:vectorset,8.0.0,no,missing
37736743610,2026-10-08T06:16:53Z,develop,vrandmember,command,module:vectorset,8.0.0,no,missing
37736743610,2026-10-08T06:16:53Z,develop,vrange,command,module:vectorset,8.4.0,no,missing
37736743610,2026-10-08T06:16:53Z,develop,vrem,command,module:vectorset,8.0.0,no,missing
37736743610,2026-10-08T06:16:53Z,develop,vsetattr,command,module:vectorset,8.0.0,no,missing
37736743610,2026-10-08T06:16:53Z,develop,vsim,command,module:vectorset,8.0.0,no,missing
37736743610,2026-10-08T06:16:53Z,develop,wait,command,generic,3.0.0,no,missing
37736743610,2026-10-08T06:16:53Z,develop,waitaof,command,generic,7.2.0,no,missing
37736743610,2026-10-08T06:16:53Z,develop,watch,command,transactions,2.2.0,no,missing
37736743610,2026-10-08T06:16:53Z,develop,xack,command,stream,5.0.0,no,missing
37736743610,2026-10-08T06:16:53Z,develop,xackdel,command,stream,8.2.0,no,missing
37736743610,2026-10-08T06:16:53Z,develop,xadd,command,stream,5.0.0,no,missing
37736743610,2026-10-08T06:16:53Z,develop,xautoclaim,command,stream,6.2.0,no,missing
37736743610,2026-10-08T06:16:53Z,develop,xcfgset,command,stream,8.6.0,no,missing
37736743610,2026-10-08T06:16:53Z,develop,xclaim,command,stream,5.0.0,no,missing
37736743610,2026-10-08T06:16:53Z,develop,xdel,command,stream,5.0.0,no,missing
37736743610,2026-10-08T06:16:53Z,develop,xdelex,command,stream,8.2.0,no,missing
37736743610,2026-10-08T06:16:53Z,develop,xgroup,command,stream,5.0.0,no,missing
37736743610,2026-10-08T06:16:53Z,develop,xgroup|create,subcommand,stream,5.0.0,no,missing
37736743610,2026-10-08T06:16:53Z,develop,xgroup|createconsumer,subcommand,stream,6.2.0,no,missing
37736743610,2026-10-08T06:16:53Z,develop,xgroup|delconsumer,subcommand,stream,5.0.0,no,missing
37736743610,2026-10-08T06:16:53Z,develop,xgroup|destroy,subcommand,stream,5.0.0,no,missing
37736743610,2026-10-08T06:16:53Z,develop,xgroup|help,subcommand,stream,5.0.0,no,missing
37736743610,2026-10-08T06:16:53Z,develop,xgroup|setid,subcommand,stream,5.0.0,no,missing
37736743610,2026-10-08T06:16:53Z,develop,xidmprecord,command,stream,8.6.2,no,missing
37736743610,2026-10-08T06:16:53Z,develop,xinfo,command,stream,5.0.0,no,missing
37736743610,2026-10-08T06:16:53Z,develop,xinfo|consumers,subcommand,stream,5.0.0,no,missing
37736743610,2026-10-08T06:16:53Z,develop,xinfo|groups,subcommand,stream,5.0.0,no,missing
37736743610,2026-10-08T06:16:53Z,develop,xinfo|help,subcommand,stream,5.0.0,no,missing
37736743610,2026-10-08T06:16:53Z,develop,xinfo|stream,subcommand,stream,5.0.0,no,missing
37736743610,2026-10-08T06:16:53Z,develop,xlen,command,stream,5.0.0,no,missing
37736743610,2026-10-08T06:16:53Z,develop,xnack,command,stream,8.8.0,no,missing
37736743610,2026-10-08T06:16:53Z,develop,xpending,command,stream,5.0.0,no,missing
37736743610,2026-10-08T06:16:53Z,develop,xrange,command,stream,5.0.0,no,missing
37736743610,2026-10-08T06:16:53Z,develop,xread,command,stream,5.0.0,no,missing
37736743610,2026-10-08T06:16:53Z,develop,xreadgroup,command,stream,5.0.0,no,missing
37736743610,2026-10-08T06:16:53Z,develop,xrevrange,command,stream,5.0.0,no,missing
37736743610,2026-10-08T06:16:53Z,develop,xsetid,command,stream,5.0.0,no,missing
37736743610,2026-10-08T06:16:53Z,develop,xtrim,command,stream,5.0.0,no,missing
37736743610,2026-10-08T06:16:53Z,develop,zadd,command,sorted-set,1.2.0,no,present
37736743610,2026-10-08T06:16:53Z,develop,zcard,command,sorted-set,1.2.0,no,present
37736743610,2026-10-08T06:16:53Z,develop,zcount,command,sorted-set,2.0.0,no,present
37736743610,2026-10-08T06:16:53Z,develop,zdiff,command,sorted-set,6.2.0,no,missing
37736743610,2026-10-08T06:16:53Z,develop,zdiffstore,command,sorted-set,6.2.0,no,missing
37736743610,2026-10-08T06:16:53Z,develop,zincrby,command,sorted-set,1.2.0,no,present
37736743610,2026-10-08T06:16:53Z,develop,zinter,command,sorted-set,6.2.0,no,missing
37736743610,2026-10-08T06:16:53Z,develop,zintercard,command,sorted-set,7.0.0,no,missing
37736743610,2026-10-08T06:16:53Z,develop,zinterstore,command,sorted-set,2.0.0,no,missing
37736743610,2026-10-08T06:16:53Z,develop,zlexcount,command,sorted-set,2.8.9,no,missing
37736743610,2026-10-08T06:16:53Z,develop,zmpop,command,sorted-set,7.0.0,no,missing
37736743610,2026-10-08T06:16:53Z,develop,zmscore,command,sorted-set,6.2.0,no,missing
37736743610,2026-10-08T06:16:53Z,develop,zpopmax,command,sorted-set,5.0.0,no,present
37736743610,2026-10-08T06:16:53Z,develop,zpopmin,command,sorted-set,5.0.0,no,present
37736743610,2026-10-08T06:16:53Z,develop,zrandmember,command,sorted-set,6.2.0,no,missing
37736743610,2026-10-08T06:16:53Z,develop,zrange,command,sorted-set,1.2.0,no,present
37736743610,2026-10-08T06:16:53Z,develop,zrangebylex,command,sorted-set,2.8.9,yes,missing
37736743610,2026-10-08T06:16:53Z,develop,zrangebyscore,command,sorted-set,1.0.5,yes,present
37736743610,2026-10-08T06:16:53Z,develop,zrangestore,command,sorted-set,6.2.0,no,missing
37736743610,2026-10-08T06:16:53Z,develop,zrank,command,sorted-set,2.0.0,no,present
37736743610,2026-10-08T06:16:53Z,develop,zrem,command,sorted-set,1.2.0,no,present
37736743610,2026-10-08T06:16:53Z,develop,zremrangebylex,command,sorted-set,2.8.9,no,missing
37736743610,2026-10-08T06:16:53Z,develop,zremrangebyrank,command,sorted-set,2.0.0,no,missing
37736743610,2026-10-08T06:16:53Z,develop,zremrangebyscore,command,sorted-set,1.2.0,no,missing
37736743610,2026-10-08T06:16:53Z,develop,zrevrange,command,sorted-set,1.2.0,yes,missing
37736743610,2026-10-08T06:16:53Z,develop,zrevrangebylex,command,sorted-set,2.8.9,yes,missing
37736743610,2026-10-08T06:16:53Z,develop,zrevrangebyscore,command,sorted-set,2.2.0,yes,present
37736743610,2026-10-08T06:16:53Z,develop,zrevrank,command,sorted-set,2.0.0,no,missing
37736743610,2026-10-08T06:16:53Z,develop,zscan,command,sorted-set,2.8.0,no,missing
37736743610,2026-10-08T06:16:53Z,develop,zscore,command,sorted-set,1.2.0,no,present
37736743610,2026-10-08T06:16:53Z,develop,zunion,command,sorted-set,6.2.0,no,missing
37736743610,2026-10-08T06:16:53Z,develop,zunionstore,command,sorted-set,2.0.0,no,missing
37736743610,2026-10-08T06:16:53Z,develop,shutdown,command,server,1.0.0,no,missing
