artifact_id,run_id,time,event,branch,pr,conclusion,redis_version,commands,commands_present,subcommands,subcommands_present,url
11467076744,37586758823,2026-10-07T07:20:51Z,pull_request,feat/command-census,136,success,8.10.1,401,107,148,9,https://github.com/brandopakel/keel/actions/runs/37586758823
11499512802,37658260465,2026-10-07T17:20:12Z,push,develop,136,success,8.10.1,401,107,148,9,https://github.com/brandopakel/keel/actions/runs/37658260465
11518551893,37702583004,2026-10-07T23:29:39Z,push,develop,142,success,8.10.1,401,107,148,9,https://github.com/brandopakel/keel/actions/runs/37702583004
11521371247,37709234727,2026-10-08T00:43:20Z,push,develop,148,success,8.10.1,401,107,148,9,https://github.com/brandopakel/keel/actions/runs/37709234727
11522396340,37712250461,2026-10-08T01:18:18Z,push,develop,149,success,8.10.1,401,107,148,9,https://github.com/brandopakel/keel/actions/runs/37712250461
11524530878,37716805085,2026-10-08T02:13:26Z,push,develop,151,success,8.10.1,401,107,148,9,https://github.com/brandopakel/keel/actions/runs/37716805085
11526005716,37720209523,2026-10-08T02:55:06Z,push,develop,152,success,8.10.1,401,107,148,9,https://github.com/brandopakel/keel/actions/runs/37720209523
11528346479,37727138737,2026-10-08T04:22:03Z,push,develop,153,success,8.10.1,401,107,148,9,https://github.com/brandopakel/keel/actions/runs/37727138737
11529826406,37731041016,2026-10-08T05:10:24Z,push,develop,140,success,8.10.1,401,107,148,9,https://github.com/brandopakel/keel/actions/runs/37731041016
11531738090,37736743610,2026-10-08T06:16:53Z,push,develop,155,success,8.10.1,401,107,148,9,https://github.com/brandopakel/keel/actions/runs/37736743610
11533608727,37740695712,2026-10-08T06:59:16Z,push,develop,156,success,8.10.1,401,108,148,13,https://github.com/brandopakel/keel/actions/runs/37740695712
11597121804,37887117622,2026-10-09T05:08:06Z,push,develop,157,success,8.10.1,401,108,148,13,https://github.com/brandopakel/keel/actions/runs/37887117622
